task	word	exclusion_type
Sound	bad	critical_vocabulary
Sound	bake	critical_vocabulary
Sound	bank	critical_vocabulary
Sound	bat	critical_vocabulary
Sound	bed	critical_vocabulary
Sound	belt	critical_vocabulary
Sound	bend	critical_vocabulary
Sound	black	critical_vocabulary
Sound	blame	critical_vocabulary
Sound	boat	critical_vocabulary
Sound	bond	critical_vocabulary
Sound	brain	critical_vocabulary
Sound	brave	critical_vocabulary
Sound	bread	critical_vocabulary
Sound	brick	critical_vocabulary
Sound	brown	critical_vocabulary
Sound	bug	critical_vocabulary
Sound	build	critical_vocabulary
Sound	bulb	critical_vocabulary
Sound	cake	critical_vocabulary
Sound	call	critical_vocabulary
Sound	calm	critical_vocabulary
Sound	cliff	critical_vocabulary
Sound	cloth	critical_vocabulary
Sound	coast	critical_vocabulary
Sound	coat	critical_vocabulary
Sound	cone	critical_vocabulary
Sound	creep	critical_vocabulary
Sound	crook	critical_vocabulary
Sound	cup	critical_vocabulary
Sound	dash	critical_vocabulary
Sound	dead	critical_vocabulary
Sound	deck	critical_vocabulary
Sound	desk	critical_vocabulary
Sound	dive	critical_vocabulary
Sound	dump	critical_vocabulary
Sound	face	critical_vocabulary
Sound	fall	critical_vocabulary
Sound	fat	critical_vocabulary
Sound	feed	critical_vocabulary
Sound	feel	critical_vocabulary
Sound	fence	critical_vocabulary
Sound	flash	critical_vocabulary
Sound	food	critical_vocabulary
Sound	fresh	critical_vocabulary
Sound	fund	critical_vocabulary
Sound	gap	critical_vocabulary
Sound	gasp	critical_vocabulary
Sound	gift	critical_vocabulary
Sound	goal	critical_vocabulary
Sound	gown	critical_vocabulary
Sound	grip	critical_vocabulary
Sound	gust	critical_vocabulary
Sound	halt	critical_vocabulary
Sound	hate	critical_vocabulary
Sound	haunt	critical_vocabulary
Sound	help	critical_vocabulary
Sound	hip	critical_vocabulary
Sound	hum	critical_vocabulary
Sound	kid	critical_vocabulary
Sound	kiss	critical_vocabulary
Sound	land	critical_vocabulary
Sound	lend	critical_vocabulary
Sound	line	critical_vocabulary
Sound	log	critical_vocabulary
Sound	lump	critical_vocabulary
Sound	mad	critical_vocabulary
Sound	map	critical_vocabulary
Sound	mask	critical_vocabulary
Sound	meal	critical_vocabulary
Sound	mend	critical_vocabulary
Sound	mop	critical_vocabulary
Sound	mud	critical_vocabulary
Sound	mug	critical_vocabulary
Sound	must	critical_vocabulary
Sound	nail	critical_vocabulary
Sound	name	critical_vocabulary
Sound	need	critical_vocabulary
Sound	nut	critical_vocabulary
Sound	pack	critical_vocabulary
Sound	pail	critical_vocabulary
Sound	paint	critical_vocabulary
Sound	pan	critical_vocabulary
Sound	path	critical_vocabulary
Sound	pick	critical_vocabulary
Sound	pin	critical_vocabulary
Sound	plain	critical_vocabulary
Sound	plug	critical_vocabulary
Sound	poke	critical_vocabulary
Sound	prize	critical_vocabulary
Sound	rake	critical_vocabulary
Sound	ramp	critical_vocabulary
Sound	rap	critical_vocabulary
Sound	read	critical_vocabulary
Sound	red	critical_vocabulary
Sound	rent	critical_vocabulary
Sound	ride	critical_vocabulary
Sound	roast	critical_vocabulary
Sound	rock	critical_vocabulary
Sound	rod	critical_vocabulary
Sound	rug	critical_vocabulary
Sound	sack	critical_vocabulary
Sound	safe	critical_vocabulary
Sound	saint	critical_vocabulary
Sound	salt	critical_vocabulary
Sound	sand	critical_vocabulary
Sound	save	critical_vocabulary
Sound	sell	critical_vocabulary
Sound	silk	critical_vocabulary
Sound	sing	critical_vocabulary
Sound	size	critical_vocabulary
Sound	sleep	critical_vocabulary
Sound	slid	critical_vocabulary
Sound	slime	critical_vocabulary
Sound	slip	critical_vocabulary
Sound	smash	critical_vocabulary
Sound	snail	critical_vocabulary
Sound	snap	critical_vocabulary
Sound	sniff	critical_vocabulary
Sound	sock	critical_vocabulary
Sound	soup	critical_vocabulary
Sound	speed	critical_vocabulary
Sound	stack	critical_vocabulary
Sound	stall	critical_vocabulary
Sound	stick	critical_vocabulary
Sound	stop	critical_vocabulary
Sound	stove	critical_vocabulary
Sound	sweep	critical_vocabulary
Sound	tall	critical_vocabulary
Sound	toast	critical_vocabulary
Sound	town	critical_vocabulary
Sound	trap	critical_vocabulary
Sound	tribe	critical_vocabulary
Sound	trip	critical_vocabulary
Sound	truck	critical_vocabulary
Sound	van	critical_vocabulary
Sound	vest	critical_vocabulary
Sound	weed	critical_vocabulary
Sound	wide	critical_vocabulary
Sound	win	critical_vocabulary
Sound	yawn	critical_vocabulary
Sound	yeast	critical_vocabulary
Sound	yell	critical_vocabulary
Sound	zip	critical_vocabulary
Meaning	above	critical_vocabulary
Meaning	adult	critical_vocabulary
Meaning	answer	critical_vocabulary
Meaning	asleep	critical_vocabulary
Meaning	awake	critical_vocabulary
Meaning	bacon	critical_vocabulary
Meaning	bandage	critical_vocabulary
Meaning	belly	critical_vocabulary
Meaning	below	critical_vocabulary
Meaning	big	critical_vocabulary
Meaning	blame	critical_vocabulary
Meaning	blanket	critical_vocabulary
Meaning	boat	critical_vocabulary
Meaning	bone	critical_vocabulary
Meaning	bony	critical_vocabulary
Meaning	boom	critical_vocabulary
Meaning	bottle	critical_vocabulary
Meaning	bunny	critical_vocabulary
Meaning	call	critical_vocabulary
Meaning	cat	critical_vocabulary
Meaning	catch	critical_vocabulary
Meaning	chair	critical_vocabulary
Meaning	checkers	critical_vocabulary
Meaning	cheese	critical_vocabulary
Meaning	chess	critical_vocabulary
Meaning	children	critical_vocabulary
Meaning	chill	critical_vocabulary
Meaning	cliff	critical_vocabulary
Meaning	cloudy	critical_vocabulary
Meaning	cobra	critical_vocabulary
Meaning	corn	critical_vocabulary
Meaning	cough	critical_vocabulary
Meaning	crab	critical_vocabulary
Meaning	cracker	critical_vocabulary
Meaning	dad	critical_vocabulary
Meaning	dessert	critical_vocabulary
Meaning	dig	critical_vocabulary
Meaning	dim	critical_vocabulary
Meaning	dish	critical_vocabulary
Meaning	dog	critical_vocabulary
Meaning	dozen	critical_vocabulary
Meaning	draw	critical_vocabulary
Meaning	drink	critical_vocabulary
Meaning	dryer	critical_vocabulary
Meaning	end	critical_vocabulary
Meaning	feel	critical_vocabulary
Meaning	fingers	critical_vocabulary
Meaning	finish	critical_vocabulary
Meaning	flow	critical_vocabulary
Meaning	flush	critical_vocabulary
Meaning	fork	critical_vocabulary
Meaning	garbage	critical_vocabulary
Meaning	glove	critical_vocabulary
Meaning	gold	critical_vocabulary
Meaning	hands	critical_vocabulary
Meaning	hawk	critical_vocabulary
Meaning	head	critical_vocabulary
Meaning	hearing	critical_vocabulary
Meaning	hide	critical_vocabulary
Meaning	hoof	critical_vocabulary
Meaning	hop	critical_vocabulary
Meaning	human	critical_vocabulary
Meaning	hut	critical_vocabulary
Meaning	itch	critical_vocabulary
Meaning	jewel	critical_vocabulary
Meaning	keep	critical_vocabulary
Meaning	kids	critical_vocabulary
Meaning	kiss	critical_vocabulary
Meaning	lettuce	critical_vocabulary
Meaning	lip	critical_vocabulary
Meaning	little	critical_vocabulary
Meaning	lobster	critical_vocabulary
Meaning	loser	critical_vocabulary
Meaning	map	critical_vocabulary
Meaning	maple	critical_vocabulary
Meaning	mitten	critical_vocabulary
Meaning	moan	critical_vocabulary
Meaning	mom	critical_vocabulary
Meaning	mountain	critical_vocabulary
Meaning	nest	critical_vocabulary
Meaning	painting	critical_vocabulary
Meaning	pancakes	critical_vocabulary
Meaning	person	critical_vocabulary
Meaning	phone	critical_vocabulary
Meaning	picture	critical_vocabulary
Meaning	pirate	critical_vocabulary
Meaning	plate	critical_vocabulary
Meaning	plug	critical_vocabulary
Meaning	pointed	critical_vocabulary
Meaning	pond	critical_vocabulary
Meaning	puppet	critical_vocabulary
Meaning	purse	critical_vocabulary
Meaning	question	critical_vocabulary
Meaning	quiet	critical_vocabulary
Meaning	rabbit	critical_vocabulary
Meaning	rich	critical_vocabulary
Meaning	sailing	critical_vocabulary
Meaning	salad	critical_vocabulary
Meaning	save	critical_vocabulary
Meaning	scratch	critical_vocabulary
Meaning	scream	critical_vocabulary
Meaning	seek	critical_vocabulary
Meaning	ship	critical_vocabulary
Meaning	short	critical_vocabulary
Meaning	shovel	critical_vocabulary
Meaning	silent	critical_vocabulary
Meaning	silver	critical_vocabulary
Meaning	sketch	critical_vocabulary
Meaning	skip	critical_vocabulary
Meaning	skunk	critical_vocabulary
Meaning	slipper	critical_vocabulary
Meaning	sneeze	critical_vocabulary
Meaning	spell	critical_vocabulary
Meaning	spider	critical_vocabulary
Meaning	split	critical_vocabulary
Meaning	spoon	critical_vocabulary
Meaning	square	critical_vocabulary
Meaning	start	critical_vocabulary
Meaning	stink	critical_vocabulary
Meaning	stitch	critical_vocabulary
Meaning	summer	critical_vocabulary
Meaning	sunny	critical_vocabulary
Meaning	syrup	critical_vocabulary
Meaning	system	critical_vocabulary
Meaning	table	critical_vocabulary
Meaning	tall	critical_vocabulary
Meaning	teaching	critical_vocabulary
Meaning	throw	critical_vocabulary
Meaning	touch	critical_vocabulary
Meaning	towel	critical_vocabulary
Meaning	trade	critical_vocabulary
Meaning	trash	critical_vocabulary
Meaning	trust	critical_vocabulary
Meaning	turtle	critical_vocabulary
Meaning	wallet	critical_vocabulary
Meaning	washer	critical_vocabulary
Meaning	water	critical_vocabulary
Meaning	web	critical_vocabulary
Meaning	winner	critical_vocabulary
Meaning	winter	critical_vocabulary
Meaning	wipe	critical_vocabulary
Meaning	yell	critical_vocabulary
Plausibility	ask	critical_vocabulary
Plausibility	bake	critical_vocabulary
Plausibility	ball	critical_vocabulary
Plausibility	balls	critical_vocabulary
Plausibility	bicycle	critical_vocabulary
Plausibility	boil	critical_vocabulary
Plausibility	books	critical_vocabulary
Plausibility	bounce	critical_vocabulary
Plausibility	break	critical_vocabulary
Plausibility	build	critical_vocabulary
Plausibility	buttons	critical_vocabulary
Plausibility	cakes	critical_vocabulary
Plausibility	call	critical_vocabulary
Plausibility	candy	critical_vocabulary
Plausibility	cans	critical_vocabulary
Plausibility	car	critical_vocabulary
Plausibility	catch	critical_vocabulary
Plausibility	chop	critical_vocabulary
Plausibility	climb	critical_vocabulary
Plausibility	computers	critical_vocabulary
Plausibility	cook	critical_vocabulary
Plausibility	count	critical_vocabulary
Plausibility	deer	critical_vocabulary
Plausibility	dogs	critical_vocabulary
Plausibility	doors	critical_vocabulary
Plausibility	draw	critical_vocabulary
Plausibility	drink	critical_vocabulary
Plausibility	drive	critical_vocabulary
Plausibility	eggs	critical_vocabulary
Plausibility	fish	critical_vocabulary
Plausibility	flowers	critical_vocabulary
Plausibility	flush	critical_vocabulary
Plausibility	fold	critical_vocabulary
Plausibility	foods	critical_vocabulary
Plausibility	frame	critical_vocabulary
Plausibility	games	critical_vocabulary
Plausibility	glasses	critical_vocabulary
Plausibility	hang	critical_vocabulary
Plausibility	hit	critical_vocabulary
Plausibility	homerun	critical_vocabulary
Plausibility	horse	critical_vocabulary
Plausibility	house	critical_vocabulary
Plausibility	hug	critical_vocabulary
Plausibility	hunt	critical_vocabulary
Plausibility	itch	critical_vocabulary
Plausibility	keys	critical_vocabulary
Plausibility	kick	critical_vocabulary
Plausibility	kiss	critical_vocabulary
Plausibility	ladder	critical_vocabulary
Plausibility	launch	critical_vocabulary
Plausibility	lawn	critical_vocabulary
Plausibility	legs	critical_vocabulary
Plausibility	lick	critical_vocabulary
Plausibility	lips	critical_vocabulary
Plausibility	lollipops	critical_vocabulary
Plausibility	mountains	critical_vocabulary
Plausibility	mow	critical_vocabulary
Plausibility	numbers	critical_vocabulary
Plausibility	paper	critical_vocabulary
Plausibility	papers	critical_vocabulary
Plausibility	perfumes	critical_vocabulary
Plausibility	phones	critical_vocabulary
Plausibility	photo	critical_vocabulary
Plausibility	pictures	critical_vocabulary
Plausibility	plant	critical_vocabulary
Plausibility	play	critical_vocabulary
Plausibility	potatoes	critical_vocabulary
Plausibility	questions	critical_vocabulary
Plausibility	read	critical_vocabulary
Plausibility	ride	critical_vocabulary
Plausibility	rocket	critical_vocabulary
Plausibility	run	critical_vocabulary
Plausibility	scare	critical_vocabulary
Plausibility	scramble	critical_vocabulary
Plausibility	scratch	critical_vocabulary
Plausibility	set	critical_vocabulary
Plausibility	shirt	critical_vocabulary
Plausibility	shoes	critical_vocabulary
Plausibility	shows	critical_vocabulary
Plausibility	sing	critical_vocabulary
Plausibility	sketches	critical_vocabulary
Plausibility	smell	critical_vocabulary
Plausibility	song	critical_vocabulary
Plausibility	songs	critical_vocabulary
Plausibility	stages	critical_vocabulary
Plausibility	staple	critical_vocabulary
Plausibility	suck	critical_vocabulary
Plausibility	sucker	critical_vocabulary
Plausibility	swim	critical_vocabulary
Plausibility	swing	critical_vocabulary
Plausibility	taste	critical_vocabulary
Plausibility	thank	critical_vocabulary
Plausibility	think	critical_vocabulary
Plausibility	thoughts	critical_vocabulary
Plausibility	toilet	critical_vocabulary
Plausibility	tow	critical_vocabulary
Plausibility	trees	critical_vocabulary
Plausibility	type	critical_vocabulary
Plausibility	walk	critical_vocabulary
Plausibility	waters	critical_vocabulary
Plausibility	wear	critical_vocabulary
Plausibility	write	critical_vocabulary
Grammaticality	bags	critical_vocabulary
Grammaticality	bake	critical_vocabulary
Grammaticality	bites	critical_vocabulary
Grammaticality	blocks	critical_vocabulary
Grammaticality	book	critical_vocabulary
Grammaticality	box	critical_vocabulary
Grammaticality	bubbles	critical_vocabulary
Grammaticality	button	critical_vocabulary
Grammaticality	call	critical_vocabulary
Grammaticality	cancel	critical_vocabulary
Grammaticality	car	critical_vocabulary
Grammaticality	cat	critical_vocabulary
Grammaticality	cents	critical_vocabulary
Grammaticality	chase	critical_vocabulary
Grammaticality	chew	critical_vocabulary
Grammaticality	clean	critical_vocabulary
Grammaticality	climb	critical_vocabulary
Grammaticality	clock	critical_vocabulary
Grammaticality	color	critical_vocabulary
Grammaticality	colors	critical_vocabulary
Grammaticality	cook	critical_vocabulary
Grammaticality	cookie	critical_vocabulary
Grammaticality	cups	critical_vocabulary
Grammaticality	dishes	critical_vocabulary
Grammaticality	dollar	critical_vocabulary
Grammaticality	door	critical_vocabulary
Grammaticality	drinks	critical_vocabulary
Grammaticality	drop	critical_vocabulary
Grammaticality	earn	critical_vocabulary
Grammaticality	fix	critical_vocabulary
Grammaticality	flags	critical_vocabulary
Grammaticality	flowers	critical_vocabulary
Grammaticality	fool	critical_vocabulary
Grammaticality	friend	critical_vocabulary
Grammaticality	friends	critical_vocabulary
Grammaticality	game	critical_vocabulary
Grammaticality	hill	critical_vocabulary
Grammaticality	hour	critical_vocabulary
Grammaticality	hours	critical_vocabulary
Grammaticality	hug	critical_vocabulary
Grammaticality	kiss	critical_vocabulary
Grammaticality	learn	critical_vocabulary
Grammaticality	letters	critical_vocabulary
Grammaticality	lick	critical_vocabulary
Grammaticality	lock	critical_vocabulary
Grammaticality	mail	critical_vocabulary
Grammaticality	meal	critical_vocabulary
Grammaticality	meals	critical_vocabulary
Grammaticality	meeting	critical_vocabulary
Grammaticality	mother	critical_vocabulary
Grammaticality	move	critical_vocabulary
Grammaticality	nap	critical_vocabulary
Grammaticality	open	critical_vocabulary
Grammaticality	pack	critical_vocabulary
Grammaticality	packages	critical_vocabulary
Grammaticality	pick	critical_vocabulary
Grammaticality	plants	critical_vocabulary
Grammaticality	play	critical_vocabulary
Grammaticality	poke	critical_vocabulary
Grammaticality	pop	critical_vocabulary
Grammaticality	pot	critical_vocabulary
Grammaticality	practice	critical_vocabulary
Grammaticality	press	critical_vocabulary
Grammaticality	problem	critical_vocabulary
Grammaticality	pull	critical_vocabulary
Grammaticality	rabbit	critical_vocabulary
Grammaticality	return	critical_vocabulary
Grammaticality	save	critical_vocabulary
Grammaticality	share	critical_vocabulary
Grammaticality	shelves	critical_vocabulary
Grammaticality	show	critical_vocabulary
Grammaticality	shows	critical_vocabulary
Grammaticality	smell	critical_vocabulary
Grammaticality	snack	critical_vocabulary
Grammaticality	solve	critical_vocabulary
Grammaticality	songs	critical_vocabulary
Grammaticality	sons	critical_vocabulary
Grammaticality	spill	critical_vocabulary
Grammaticality	stairs	critical_vocabulary
Grammaticality	star	critical_vocabulary
Grammaticality	stir	critical_vocabulary
Grammaticality	sucker	critical_vocabulary
Grammaticality	teacher	critical_vocabulary
Grammaticality	time	critical_vocabulary
Grammaticality	times	critical_vocabulary
Grammaticality	toys	critical_vocabulary
Grammaticality	trace	critical_vocabulary
Grammaticality	tree	critical_vocabulary
Grammaticality	trick	critical_vocabulary
Grammaticality	use	critical_vocabulary
Grammaticality	wagon	critical_vocabulary
Grammaticality	walk	critical_vocabulary
Grammaticality	wash	critical_vocabulary
Grammaticality	watch	critical_vocabulary
Grammaticality	water	critical_vocabulary
Grammaticality	wave	critical_vocabulary
Grammaticality	whisper	critical_vocabulary
Grammaticality	window	critical_vocabulary
Grammaticality	wipe	critical_vocabulary
Grammaticality	words	critical_vocabulary
Grammaticality	work	critical_vocabulary
