split	condition_a	condition_b	variable	n_a	n_b	mean_a	mean_b	sd_a	sd_b	median_a	median_b	min_a	max_a	min_b	max_b	smd	ks_statistic
all	high_association	low_association	mean_subtlex_zipf	250	250	4.292541170361875	4.29411657259161	0.6617181613887262	0.5285585449842093	4.179277121663594	4.27164329173867	2.8743085858930417	7.293766259371621	3.1006150600476983	5.749045027700644	-0.0026307081520566392	0.09200000000000003
all	high_association	low_association	within_pair_subtlex_difference	250	250	0.9456350181988717	0.9471522313279017	0.6645832575466174	0.6942595129798012	0.8562686356289249	0.8373773879437745	0.01484675606857877	2.9020135623701018	0.0	3.40435767959821	-0.002232563572672609	0.04800000000000004
all	high_association	low_association	mean_orthographic_length	250	250	5.142	5.144	1.2027562055378636	1.2112524634115227	5.0	5.0	2.5	10.0	3.0	11.5	-0.001656984615266462	0.07200000000000006
all	high_association	low_association	mean_phoneme_count	250	250	4.138	4.15	1.0178901716818107	1.0289484631209846	4.0	4.0	2.0	9.5	2.5	9.5	-0.011725228037011468	0.040000000000000036
all	high_association	low_association	mean_syllable_count	250	250	1.448	1.446	0.45178805849557024	0.5110073522526117	1.5	1.5	1.0	3.0	1.0	3.5	0.004146732495873663	0.055999999999999994
all	high_association	unrelated	mean_subtlex_zipf	250	500	4.292541170361875	4.285906142285359	0.6617181613887262	0.5616085486516528	4.179277121663594	4.285080016467657	2.8743085858930417	7.293766259371621	2.914568384302985	6.340036568086283	0.010811375727256557	0.09999999999999998
all	high_association	unrelated	within_pair_subtlex_difference	250	500	0.9456350181988717	0.9486511205331565	0.6645832575466174	0.6704478962368416	0.8562686356289249	0.8338302969380347	0.01484675606857877	2.9020135623701018	0.006018033688999225	3.656948634924361	-0.004518356331430906	0.05800000000000005
all	high_association	unrelated	mean_orthographic_length	250	500	5.142	5.132	1.2027562055378636	0.9962736181614411	5.0	5.0	2.5	10.0	3.0	9.5	0.009055089580292991	0.05600000000000005
all	high_association	unrelated	mean_phoneme_count	250	500	4.138	4.162	1.0178901716818107	0.8568689800067427	4.0	4.0	2.0	9.5	2.0	8.0	-0.025509371388337476	0.066
all	high_association	unrelated	mean_syllable_count	250	500	1.448	1.447	0.45178805849557024	0.40499263953330356	1.5	1.5	1.0	3.0	1.0	3.0	0.0023308456475429153	0.04999999999999999
all	low_association	unrelated	mean_subtlex_zipf	250	500	4.29411657259161	4.285906142285359	0.5285585449842093	0.5616085486516528	4.27164329173867	4.285080016467657	3.1006150600476983	5.749045027700644	2.914568384302985	6.340036568086283	0.015055783468109402	0.057999999999999996
all	low_association	unrelated	within_pair_subtlex_difference	250	500	0.9471522313279017	0.9486511205331565	0.6942595129798012	0.6704478962368416	0.8373773879437745	0.8338302969380347	0.0	3.40435767959821	0.006018033688999225	3.656948634924361	-0.0021963112208523445	0.041999999999999926
all	low_association	unrelated	mean_orthographic_length	250	500	5.144	5.132	1.2112524634115227	0.9962736181614411	5.0	5.0	3.0	11.5	3.0	9.5	0.010820709396892092	0.07000000000000006
all	low_association	unrelated	mean_phoneme_count	250	500	4.15	4.162	1.0289484631209846	0.8568689800067427	4.0	4.0	2.5	9.5	2.0	8.0	-0.012673921636311928	0.04799999999999999
all	low_association	unrelated	mean_syllable_count	250	500	1.446	1.447	0.5110073522526117	0.40499263953330356	1.5	1.5	1.0	3.5	1.0	3.0	-0.0021689281050167237	0.10599999999999998
train	high_association	low_association	mean_subtlex_zipf	145	145	4.295841598331088	4.294621380687728	0.576762118604057	0.525068645014845	4.201852100603777	4.297894691766567	3.2098943721323514	5.689380097979785	3.1006150600476983	5.672629900339321	0.002212457629912164	0.1103448275862069
train	high_association	low_association	within_pair_subtlex_difference	145	145	0.9484620978102851	0.9500599888104936	0.6265443102103492	0.6727690107296741	0.8834733532764973	0.8793826371743432	0.030932030406321864	2.708117261387881	0.0	3.0212101180571143	-0.0024580379991888117	0.05517241379310345
train	high_association	low_association	mean_orthographic_length	145	145	5.151724137931034	5.151724137931034	1.1491605298528345	1.230859199021599	5.0	5.0	3.0	8.5	3.0	10.0	0.0	0.04137931034482756
train	high_association	low_association	mean_phoneme_count	145	145	4.137931034482759	4.158620689655172	0.9691110592758334	1.065076041031849	4.0	4.0	2.5	7.5	2.5	9.0	-0.020319340592406736	0.04137931034482756
train	high_association	low_association	mean_syllable_count	145	145	1.4517241379310344	1.4448275862068964	0.4500159639569379	0.5140972447032705	1.5	1.5	1.0	2.5	1.0	3.5	0.014275021128859193	0.05517241379310345
train	high_association	unrelated	mean_subtlex_zipf	145	290	4.295841598331088	4.283642288850347	0.576762118604057	0.563249053559069	4.201852100603777	4.296941211006083	3.2098943721323514	5.689380097979785	2.914568384302985	5.888708289912607	0.02140058420719985	0.07241379310344831
train	high_association	unrelated	within_pair_subtlex_difference	145	290	0.9484620978102851	0.9466246774950628	0.6265443102103492	0.6832643639460569	0.8834733532764973	0.8293678786168703	0.030932030406321864	2.708117261387881	0.009124906605787686	3.656948634924361	0.0028030046920869424	0.07586206896551723
train	high_association	unrelated	mean_orthographic_length	145	290	5.151724137931034	5.127586206896551	1.1491605298528345	1.0795028176772423	5.0	5.0	3.0	8.5	3.0	9.5	0.021650779636542435	0.04137931034482761
train	high_association	unrelated	mean_phoneme_count	145	290	4.137931034482759	4.163793103448276	0.9691110592758334	0.9539026151868079	4.0	4.0	2.5	7.5	2.0	8.0	-0.026896595227130747	0.05517241379310345
train	high_association	unrelated	mean_syllable_count	145	290	1.4517241379310344	1.45	0.4500159639569379	0.4181231751761401	1.5	1.5	1.0	2.5	1.0	3.0	0.003969353708563598	0.0482758620689655
train	low_association	unrelated	mean_subtlex_zipf	145	290	4.294621380687728	4.283642288850347	0.525068645014845	0.563249053559069	4.297894691766567	4.296941211006083	3.1006150600476983	5.672629900339321	2.914568384302985	5.888708289912607	0.02016385808024853	0.07586206896551728
train	low_association	unrelated	within_pair_subtlex_difference	145	290	0.9500599888104936	0.9466246774950628	0.6727690107296741	0.6832643639460569	0.8793826371743432	0.8293678786168703	0.0	3.0212101180571143	0.009124906605787686	3.656948634924361	0.00506655439363859	0.08620689655172409
train	low_association	unrelated	mean_orthographic_length	145	290	5.151724137931034	5.127586206896551	1.230859199021599	1.0795028176772423	5.0	5.0	3.0	10.0	3.0	9.5	0.02085067117680645	0.04482758620689653
train	low_association	unrelated	mean_phoneme_count	145	290	4.158620689655172	4.163793103448276	1.065076041031849	0.9539026151868079	4.0	4.0	2.5	9.0	2.0	8.0	-0.005116042229214527	0.04137931034482761
train	low_association	unrelated	mean_syllable_count	145	290	1.4448275862068964	1.45	0.5140972447032705	0.4181231751761401	1.5	1.5	1.0	3.5	1.0	3.0	-0.011038630164457943	0.10344827586206895
validation	high_association	low_association	mean_subtlex_zipf	40	40	4.284697328194798	4.290544416781389	0.7397346387182169	0.5955594083027395	4.163676514346415	4.232975845311074	2.8743085858930417	5.952144438245188	3.2088119763723295	5.749045027700644	-0.008707147001163297	0.125
validation	high_association	low_association	within_pair_subtlex_difference	40	40	0.9461706338089577	0.9370681811084569	0.8647014779632692	0.8798793687551759	0.6657698449096161	0.5622907198029572	0.03174677611785981	2.9020135623701018	0.03621217265444443	3.40435767959821	0.010434722189177908	0.09999999999999998
validation	high_association	low_association	mean_orthographic_length	40	40	5.1375	5.125	1.344444885922086	1.1698674042769734	5.0	5.0	3.5	10.0	3.5	9.0	0.009919195200341416	0.07499999999999996
validation	high_association	low_association	mean_phoneme_count	40	40	4.1375	4.15	0.9999198685843498	0.9621023987294833	4.0	4.0	2.5	7.5	2.5	7.5	-0.012739589027487034	0.07500000000000001
validation	high_association	low_association	mean_syllable_count	40	40	1.45	1.45	0.46409548089225705	0.5406548735632486	1.5	1.5	1.0	3.0	1.0	3.0	0.0	0.10000000000000003
validation	high_association	unrelated	mean_subtlex_zipf	40	80	4.284697328194798	4.294673864492025	0.7397346387182169	0.5262606149626141	4.163676514346415	4.293744762798086	2.8743085858930417	5.952144438245188	3.1484177510779414	5.879138310035398	-0.015541382833686463	0.16250000000000003
validation	high_association	unrelated	within_pair_subtlex_difference	40	80	0.9461706338089577	0.9496821066826688	0.8647014779632692	0.6009067525025612	0.6657698449096161	0.9358277990453368	0.03174677611785981	2.9020135623701018	0.029085779915972054	3.1297704289602	-0.004716047630522764	0.20000000000000007
validation	high_association	unrelated	mean_orthographic_length	40	80	5.1375	5.11875	1.344444885922086	1.0501469155807666	5.0	5.0	3.5	10.0	3.0	7.5	0.015543340511226833	0.08750000000000002
validation	high_association	unrelated	mean_phoneme_count	40	80	4.1375	4.1625	0.9999198685843498	0.8182065908537132	4.0	4.0	2.5	7.5	3.0	7.0	-0.027364503939389943	0.050000000000000044
validation	high_association	unrelated	mean_syllable_count	40	80	1.45	1.44375	0.46409548089225705	0.3814840275701451	1.5	1.5	1.0	3.0	1.0	2.5	0.014712712292798795	0.0625
validation	low_association	unrelated	mean_subtlex_zipf	40	80	4.290544416781389	4.294673864492025	0.5955594083027395	0.5262606149626141	4.232975845311074	4.293744762798086	3.2088119763723295	5.749045027700644	3.1484177510779414	5.879138310035398	-0.007348043676117927	0.125
validation	low_association	unrelated	within_pair_subtlex_difference	40	80	0.9370681811084569	0.9496821066826688	0.8798793687551759	0.6009067525025612	0.5622907198029572	0.9358277990453368	0.03621217265444443	3.40435767959821	0.029085779915972054	3.1297704289602	-0.016742272771310282	0.25
validation	low_association	unrelated	mean_orthographic_length	40	80	5.125	5.11875	1.1698674042769734	1.0501469155807666	5.0	5.0	3.5	9.0	3.0	7.5	0.005622424657413412	0.08750000000000002
validation	low_association	unrelated	mean_phoneme_count	40	80	4.15	4.1625	0.9621023987294833	0.8182065908537132	4.0	4.0	2.5	7.5	3.0	7.0	-0.013996860621358959	0.050000000000000044
validation	low_association	unrelated	mean_syllable_count	40	80	1.45	1.44375	0.5406548735632486	0.3814840275701451	1.5	1.5	1.0	3.0	1.0	2.5	0.013357906852889335	0.16250000000000003
test	high_association	low_association	mean_subtlex_zipf	65	65	4.290005656994907	4.295188711952715	0.7884127837205478	0.5004717853247861	4.160024803640988	4.211688140816875	3.1557934284153495	7.293766259371621	3.526426153662638	5.501849631558171	-0.007849210095121092	0.15384615384615385
test	high_association	low_association	within_pair_subtlex_difference	65	65	0.9389988463825891	0.9468712647710091	0.6159731414031038	0.6205018139930126	0.9086299044452661	0.822683649915013	0.01484675606857877	2.4178955157704003	0.00843316753686274	2.319603869951573	-0.012733562540376971	0.12307692307692308
test	high_association	low_association	mean_orthographic_length	65	65	5.123076923076923	5.138461538461539	1.2469674753638864	1.2103321222515109	5.0	5.0	2.5	10.0	3.5	11.5	-0.012520171248748505	0.15384615384615397
test	high_association	low_association	mean_phoneme_count	65	65	4.138461538461539	4.130769230769231	1.1439640930351993	1.0010811463305367	4.0	4.0	2.0	9.5	2.5	9.5	0.007156304964839438	0.09230769230769231
test	high_association	low_association	mean_syllable_count	65	65	1.4384615384615385	1.4461538461538461	0.4550729020210346	0.4931014484480232	1.5	1.5	1.0	3.0	1.0	3.5	-0.016212478835722997	0.0461538461538461
test	high_association	unrelated	mean_subtlex_zipf	65	130	4.290005656994907	4.285560755513208	0.7884127837205478	0.5827950043077805	4.160024803640988	4.235485828323197	3.1557934284153495	7.293766259371621	3.168914756416606	6.340036568086283	0.006411507438400165	0.1461538461538462
test	high_association	unrelated	within_pair_subtlex_difference	65	130	0.9389988463825891	0.952537194295358	0.6159731414031038	0.6868178560100748	0.9086299044452661	0.8089057840532692	0.01484675606857877	2.4178955157704003	0.006018033688999225	2.5087927777049175	-0.02075294522013071	0.11538461538461536
test	high_association	unrelated	mean_orthographic_length	65	130	5.123076923076923	5.15	1.2469674753638864	0.7435771491541319	5.0	5.0	2.5	10.0	3.5	8.5	-0.026225356366631588	0.1076923076923077
test	high_association	unrelated	mean_phoneme_count	65	130	4.138461538461539	4.157692307692308	1.1439640930351993	0.6257851359488161	4.0	4.0	2.0	9.5	3.0	5.5	-0.02085709756023518	0.15384615384615385
test	high_association	unrelated	mean_syllable_count	65	130	1.4384615384615385	1.4423076923076923	0.4550729020210346	0.3919471140988886	1.5	1.5	1.0	3.0	1.0	2.5	-0.009056496404199305	0.046153846153846156
test	low_association	unrelated	mean_subtlex_zipf	65	130	4.295188711952715	4.285560755513208	0.5004717853247861	0.5827950043077805	4.211688140816875	4.235485828323197	3.526426153662638	5.501849631558171	3.168914756416606	6.340036568086283	0.017724671810024364	0.11538461538461536
test	low_association	unrelated	within_pair_subtlex_difference	65	130	0.9468712647710091	0.952537194295358	0.6205018139930126	0.6868178560100748	0.822683649915013	0.8089057840532692	0.00843316753686274	2.319603869951573	0.006018033688999225	2.5087927777049175	-0.008656878507500581	0.09230769230769231
test	low_association	unrelated	mean_orthographic_length	65	130	5.138461538461539	5.15	1.2103321222515109	0.7435771491541319	5.0	5.0	3.5	11.5	3.5	8.5	-0.011487424790297268	0.1461538461538462
test	low_association	unrelated	mean_phoneme_count	65	130	4.130769230769231	4.157692307692308	1.0010811463305367	0.6257851359488161	4.0	4.0	2.5	9.5	3.0	5.5	-0.032251064670365454	0.09230769230769231
test	low_association	unrelated	mean_syllable_count	65	130	1.4461538461538461	1.4423076923076923	0.4931014484480232	0.3919471140988886	1.5	1.5	1.0	3.5	1.0	2.5	0.008635179547964267	0.07692307692307693
