item_id	task	condition	binary_label	split	stimulus_origin	adaptation_eligibility	original_trial_type	original_stimulus_file	source_resource	source_record_id	word1	word2	sentence	word1_ipa	word2_ipa	sentence_ipa	template_id	critical_word	critical_region	association_forward	association_backward	word1_subtlex	word2_subtlex	mean_content_subtlex	word1_n_phonemes	word2_n_phonemes	sentence_n_phonemes	word1_n_syllables	word2_n_syllables	childes_count_word1	childes_count_word2	subject	verb_lemma	verb_surface	object_lemma	object_surface	number_word	negation	overlap_ds003604_exact	overlap_ds003604_critical_vocab	qc_pass	qc_notes	shared_onset	shared_rime	shared_phoneme_count	phonological_relation_verified	cue	target	FSG	BSG	verb_object_FSG	verb_object_BSG	congruence_level	template_family	grammar_subtype	violation_type	violation_location	expected_form	observed_form	childes_count_verb	childes_count_object	content_word_childes_counts
SOUND_0001	Sound	onset	1	train					cmusphinx/cmudict	cmudict:first:EY	ache	eight		"[""eɪ"", ""k""]"	"[""eɪ"", ""t""]"							3.3962335448580205	4.992267549769309	4.194250547313665	2	2		1	1	331	2716								0	0	1		EY		1	1																
SOUND_0002	Sound	onset	1	train					cmusphinx/cmudict	cmudict:first:EH	airs	es		"[""ɛ"", ""ɹ"", ""z""]"	"[""iː"", ""z""]"							2.883494430928563	3.7837915177363364	3.3336429743324496	3	2		1	1	2	28								0	0	1		EH		1	1																
SOUND_0003	Sound	onset	1	train					cmusphinx/cmudict	cmudict:first:B	badge	bit		"[""b"", ""æ"", ""d̠ʒ""]"	"[""b"", ""ɪ"", ""t""]"							4.183409420891753	5.3711403292303395	4.777274875061046	3	3		1	1	46	4676								0	0	1		B		1	1																
SOUND_0004	Sound	onset	1	train					cmusphinx/cmudict	cmudict:first:B	barf	blah		"[""b"", ""ɑ"", ""ɹ"", ""f""]"	"[""b"", ""l"", ""ɑ""]"							3.2924298239020637	4.128753939608815	3.7105918817554393	4	3		1	1	0	305								0	0	1	unseen_phase1:barf	B		2	1																
SOUND_0005	Sound	onset	1	train					cmusphinx/cmudict	cmudict:first:B	beams	begs		"[""b"", ""iː"", ""m"", ""z""]"	"[""b"", ""ɛ"", ""ɡ"", ""z""]"							3.4291503910584704	3.1497623203333323	3.2894563556959016	4	4		1	1	13	1								0	0	1		B		2	1																
SOUND_0006	Sound	onset	1	train					cmusphinx/cmudict	cmudict:first:B	begs	bloods		"[""b"", ""ɛ"", ""ɡ"", ""z""]"	"[""b"", ""l"", ""ʌ"", ""d"", ""z""]"							3.1497623203333323	2.935882500388251	3.0428224103607917	4	5		1	1	1	0								0	0	1	unseen_phase1:bloods	B		2	1																
SOUND_0007	Sound	onset	1	train					cmusphinx/cmudict	cmudict:first:B	biz	bolts		"[""b"", ""ɪ"", ""z""]"	"[""b"", ""oʊ"", ""l"", ""t"", ""s""]"							3.2701534291909113	3.337752802688721	3.303953115939816	3	5		1	1	11	75								0	0	1		B		1	1																
SOUND_0008	Sound	onset	1	train					cmusphinx/cmudict	cmudict:first:B	blares	bot		"[""b"", ""l"", ""ɛ"", ""ɹ"", ""z""]"	"[""b"", ""ɑ"", ""t""]"							3.016705693502853	2.9913998282380825	3.0040527608704677	5	3		1	1	0	14								0	0	1	unseen_phase1:blares	B		1	1																
SOUND_0009	Sound	onset	1	train					cmusphinx/cmudict	cmudict:first:B	blinks	blurt		"[""b"", ""l"", ""ɪ"", ""ŋ"", ""k"", ""s""]"	"[""b"", ""l"", ""ɜː"", ""t""]"							2.769551078621726	2.6903698325741012	2.7299604555979133	6	4		1	1	9	0								0	0	1	unseen_phase1:blurt	B		2	1																
SOUND_0010	Sound	onset	1	train					cmusphinx/cmudict	cmudict:first:B	bolts	bot		"[""b"", ""oʊ"", ""l"", ""t"", ""s""]"	"[""b"", ""ɑ"", ""t""]"							3.337752802688721	2.9913998282380825	3.1645763154634015	5	3		1	1	75	14								0	0	1		B		2	1																
SOUND_0011	Sound	onset	1	train					cmusphinx/cmudict	cmudict:first:B	buds	bus		"[""b"", ""ʌ"", ""d"", ""z""]"	"[""b"", ""ʌ"", ""s""]"							3.2466723333413885	4.870266165194808	4.058469249268098	4	3		1	1	18	1946								0	0	1		B		2	1																
SOUND_0012	Sound	onset	1	train					cmusphinx/cmudict	cmudict:first:K	cash	cog		"[""k"", ""æ"", ""ʃ""]"	"[""k"", ""ɑ"", ""ɡ""]"							4.859926715006287	2.723793588061051	3.791860151533669	3	3		1	1	224	3								0	0	1		K		1	1																
SOUND_0013	Sound	onset	1	train					cmusphinx/cmudict	cmudict:first:K	clamp	clout		"[""k"", ""l"", ""æ"", ""m"", ""p""]"	"[""k"", ""l"", ""aʊ"", ""t""]"							3.8364978682523394	2.973671061277651	3.405084464764995	5	4		1	1	6	0								0	0	1	unseen_phase1:clout	K		2	1																
SOUND_0014	Sound	onset	1	train					cmusphinx/cmudict	cmudict:first:K	clasp	kind		"[""k"", ""l"", ""æ"", ""s"", ""p""]"	"[""k"", ""aɪ"", ""n"", ""d""]"							3.0084331675368627	5.771356879484989	4.389895023510926	5	4		1	1	0	7820								0	0	1	unseen_phase1:clasp	K		1	1																
SOUND_0015	Sound	onset	1	train					cmusphinx/cmudict	cmudict:first:K	cops	crank		"[""k"", ""ɑ"", ""p"", ""s""]"	"[""k"", ""ɹ"", ""æ"", ""ŋ"", ""k""]"							4.924887116086788	3.7269987279362624	4.325942922011525	4	5		1	1	35	37								0	0	1		K		1	1																
SOUND_0016	Sound	onset	1	train					cmusphinx/cmudict	cmudict:first:D	deem	dudes		"[""d"", ""iː"", ""m""]"	"[""d"", ""uː"", ""d"", ""z""]"							2.769551078621726	3.8302489189753377	3.299899998798532	3	5		1	1	4	20								0	0	1		D		1	1																
SOUND_0017	Sound	onset	1	train					cmusphinx/cmudict	cmudict:first:D	don	drone		"[""d"", ""ɑ"", ""n""]"	"[""d"", ""ɹ"", ""oʊ"", ""n""]"							6.799049841180208	3.4507923159973135	5.124921078588761	3	4		1	1	207	0								0	0	1	unseen_phase1:drone	D		2	1																
SOUND_0018	Sound	onset	1	train					cmusphinx/cmudict	cmudict:first:F	fad	fats		"[""f"", ""æ"", ""d""]"	"[""f"", ""æ"", ""t"", ""s""]"							2.883494430928563	2.973671061277651	2.928582746103107	3	4		1	1	0	5								0	0	1	unseen_phase1:fad	F		2	1																
SOUND_0019	Sound	onset	1	train					cmusphinx/cmudict	cmudict:first:F	fail	fled		"[""f"", ""eɪ"", ""l""]"	"[""f"", ""l"", ""ɛ"", ""d""]"							4.390727360396761	3.6426778422362265	4.016702601316494	3	4		1	1	12	2								0	0	1		F		2	1																
SOUND_0020	Sound	onset	1	train					cmusphinx/cmudict	cmudict:first:F	farms	fur		"[""f"", ""ɑ"", ""ɹ"", ""m"", ""z""]"	"[""f"", ""ɜː""]"							3.4537978261370386	3.9177422748637376	3.685770050500388	5	2		1	1	35	449								0	0	1		F		1	1																
SOUND_0021	Sound	onset	1	train					cmusphinx/cmudict	cmudict:first:F	fray	frock		"[""f"", ""ɹ"", ""eɪ""]"	"[""f"", ""ɹ"", ""ɑ"", ""k""]"							2.973671061277651	2.9258982794816504	2.9497846703796506	3	4		1	1	3	0								0	0	1	unseen_phase1:frock	F		2	1																
SOUND_0022	Sound	onset	1	train					cmusphinx/cmudict	cmudict:first:F	fur	phone		"[""f"", ""ɜː""]"	"[""f"", ""oʊ"", ""n""]"							3.9177422748637376	5.43092199105204	4.674332132957889	2	3		1	1	449	1505								0	0	1		F		1	1																
SOUND_0023	Sound	onset	1	train					cmusphinx/cmudict	cmudict:first:F	furs	phlegm		"[""f"", ""ɜː"", ""z""]"	"[""f"", ""l"", ""ɛ"", ""m""]"							3.2009148427807133	2.8239087409443187	3.012411791862516	3	4		1	1	4	3								0	0	1		F		1	1																
SOUND_0024	Sound	onset	1	train					cmusphinx/cmudict	cmudict:first:JH	gents	jug		"[""d̠ʒ"", ""ɛ"", ""n"", ""t"", ""s""]"	"[""d̠ʒ"", ""ʌ"", ""ɡ""]"							3.468521082957745	3.4195346222668714	3.444027852612308	5	3		1	1	0	64								0	0	1	unseen_phase1:gents	JH		1	1																
SOUND_0025	Sound	onset	1	train					cmusphinx/cmudict	cmudict:first:JH	germ	gist		"[""d̠ʒ"", ""ɜː"", ""m""]"	"[""d̠ʒ"", ""ɪ"", ""s"", ""t""]"							3.098609797885951	3.040617850908264	3.0696138243971074	3	4		1	1	39	2								0	0	1		JH		1	1																
SOUND_0026	Sound	onset	1	train					cmusphinx/cmudict	cmudict:first:JH	gist	jar		"[""d̠ʒ"", ""ɪ"", ""s"", ""t""]"	"[""d̠ʒ"", ""ɑ"", ""ɹ""]"							3.040617850908264	3.919795680494796	3.48020676570153	4	3		1	1	2	230								0	0	1		JH		1	1																
SOUND_0027	Sound	onset	1	train					cmusphinx/cmudict	cmudict:first:JH	gist	jerks		"[""d̠ʒ"", ""ɪ"", ""s"", ""t""]"	"[""d̠ʒ"", ""ɜː"", ""k"", ""s""]"							3.040617850908264	3.6407346869502244	3.3406762689292444	4	4		1	1	2	2								0	0	1		JH		2	1																
SOUND_0028	Sound	onset	1	train					cmusphinx/cmudict	cmudict:first:JH	gist	jog		"[""d̠ʒ"", ""ɪ"", ""s"", ""t""]"	"[""d̠ʒ"", ""ɑ"", ""ɡ""]"							3.040617850908264	3.3823349353414613	3.2114763931248627	4	3		1	1	2	14								0	0	1		JH		1	1																
SOUND_0029	Sound	onset	1	train					cmusphinx/cmudict	cmudict:first:G	git	guise		"[""ɡ"", ""ɪ"", ""t""]"	"[""ɡ"", ""aɪ"", ""z""]"							3.2967511976847064	2.7395878552442827	3.0181695264644945	3	3		1	1	80	0								0	0	1	unseen_phase1:guise	G		1	1																
SOUND_0030	Sound	onset	1	train					cmusphinx/cmudict	cmudict:first:G	give	glows		"[""ɡ"", ""ɪ"", ""v""]"	"[""ɡ"", ""l"", ""oʊ"", ""z""]"							6.067377221207055	2.915679114299964	4.4915281677535095	3	4		1	1	12174	11								0	0	1		G		1	1																
SOUND_0031	Sound	onset	1	train					cmusphinx/cmudict	cmudict:first:G	glide	grab		"[""ɡ"", ""l"", ""aɪ"", ""d""]"	"[""ɡ"", ""ɹ"", ""æ"", ""b""]"							3.3716110699496884	4.8504179721269765	4.111014521038332	4	4		1	1	10	539								0	0	1		G		1	1																
SOUND_0032	Sound	onset	1	train					cmusphinx/cmudict	cmudict:first:G	gone	grain		"[""ɡ"", ""ɔ"", ""n""]"	"[""ɡ"", ""ɹ"", ""eɪ"", ""n""]"							5.472412249194655	3.678036097500376	4.575224173347515	3	4		1	1	3403	128								0	0	1		G		2	1																
SOUND_0033	Sound	onset	1	train					cmusphinx/cmudict	cmudict:first:G	grad	grids		"[""ɡ"", ""ɹ"", ""æ"", ""d""]"	"[""ɡ"", ""ɹ"", ""ɪ"", ""d"", ""z""]"							3.462691539297021	2.75482782180102	3.1087596805490203	4	5		1	1	4	0								0	0	1	unseen_phase1:grids	G		3	1																
SOUND_0034	Sound	onset	1	train					cmusphinx/cmudict	cmudict:first:G	grad	guise		"[""ɡ"", ""ɹ"", ""æ"", ""d""]"	"[""ɡ"", ""aɪ"", ""z""]"							3.462691539297021	2.7395878552442827	3.1011396972706518	4	3		1	1	4	0								0	0	1	unseen_phase1:guise	G		1	1																
SOUND_0035	Sound	onset	1	train					cmusphinx/cmudict	cmudict:first:G	grand	guts		"[""ɡ"", ""ɹ"", ""æ"", ""n"", ""d""]"	"[""ɡ"", ""ʌ"", ""t"", ""s""]"							4.79947569632939	4.375573967045116	4.587524831687253	5	4		1	1	101	27								0	0	1		G		1	1																
SOUND_0036	Sound	onset	1	train					cmusphinx/cmudict	cmudict:first:HH	had	hype		"[""h"", ""æ"", ""d""]"	"[""h"", ""aɪ"", ""p""]"							6.2242536902433425	3.2115079162781375	4.71788080326074	3	3		1	1	8525	0								0	0	1	unseen_phase1:hype	HH		1	1																
SOUND_0037	Sound	onset	1	train					cmusphinx/cmudict	cmudict:first:HH	haze	hype		"[""h"", ""eɪ"", ""z""]"	"[""h"", ""aɪ"", ""p""]"							3.1789205490745456	3.2115079162781375	3.1952142326763413	3	3		1	1	0	0								0	0	1	unseen_phase1:haze,hype	HH		1	1																
SOUND_0038	Sound	onset	1	train					cmusphinx/cmudict	cmudict:first:HH	heals	high		"[""h"", ""iː"", ""l"", ""z""]"	"[""h"", ""aɪ""]"							3.070581074285707	5.290034611362518	4.180307842824113	4	2		1	1	3	1609								0	0	1		HH		1	1																
SOUND_0039	Sound	onset	1	train					cmusphinx/cmudict	cmudict:first:HH	hex	hiss		"[""h"", ""ɛ"", ""k"", ""s""]"	"[""h"", ""ɪ"", ""s""]"							3.1119737594439325	2.9645276818377813	3.038250720640857	4	3		1	1	0	35								0	0	1	unseen_phase1:hex	HH		2	1																
SOUND_0040	Sound	onset	1	train					cmusphinx/cmudict	cmudict:first:HH	highs	hoots		"[""h"", ""aɪ"", ""z""]"	"[""h"", ""uː"", ""t"", ""s""]"							2.8364978682523394	2.75482782180102	2.79566284502668	3	4		1	1	0	4								0	0	1	unseen_phase1:highs	HH		1	1																
SOUND_0041	Sound	onset	1	train					cmusphinx/cmudict	cmudict:first:HH	hips	hounds		"[""h"", ""ɪ"", ""p"", ""s""]"	"[""h"", ""aʊ"", ""n"", ""d"", ""z""]"							3.7823883033268983	3.274701056941632	3.5285446801342655	4	5		1	1	10	3								0	0	1		HH		1	1																
SOUND_0042	Sound	onset	1	train					cmusphinx/cmudict	cmudict:first:HH	hit	hunts		"[""h"", ""ɪ"", ""t""]"	"[""h"", ""ʌ"", ""n"", ""t"", ""s""]"							5.439332693830263	3.070581074285707	4.254956884057985	3	5		1	1	2330	12								0	0	1		HH		2	1																
SOUND_0043	Sound	onset	1	train					cmusphinx/cmudict	cmudict:first:HH	hounds	hymn		"[""h"", ""aʊ"", ""n"", ""d"", ""z""]"	"[""h"", ""ɪ"", ""m""]"							3.274701056941632	3.2115079162781375	3.2431044866098846	5	3		1	1	3	0								0	0	1	unseen_phase1:hymn	HH		1	1																
SOUND_0044	Sound	onset	1	train					cmusphinx/cmudict	cmudict:first:JH	jest	joints		"[""d̠ʒ"", ""ɛ"", ""s"", ""t""]"	"[""d̠ʒ"", ""ɔɪ"", ""n"", ""t"", ""s""]"							3.1249387366083	3.5824644352645816	3.3537015859364407	4	5		1	1	2	2								0	0	1		JH		3	1																
SOUND_0045	Sound	onset	1	train					cmusphinx/cmudict	cmudict:first:JH	jig	jocks		"[""d̠ʒ"", ""ɪ"", ""ɡ""]"	"[""d̠ʒ"", ""ɑ"", ""k"", ""s""]"							3.231949076520682	3.063281835544208	3.1476154560324447	3	4		1	1	15	0								0	0	1	unseen_phase1:jocks	JH		1	1																
SOUND_0046	Sound	onset	1	train					cmusphinx/cmudict	cmudict:first:JH	jig	jug		"[""d̠ʒ"", ""ɪ"", ""ɡ""]"	"[""d̠ʒ"", ""ʌ"", ""ɡ""]"							3.231949076520682	3.4195346222668714	3.3257418493937765	3	3		1	1	15	64								0	0	1		JH		2	1																
SOUND_0047	Sound	onset	1	train					cmusphinx/cmudict	cmudict:first:JH	jot	juke		"[""d̠ʒ"", ""ɑ"", ""t""]"	"[""d̠ʒ"", ""uː"", ""k""]"							2.8606315479690587	2.6726410656136697	2.766636306791364	3	3		1	1	0	0								0	0	1	unseen_phase1:jot,juke	JH		1	1																
SOUND_0048	Sound	onset	1	train					cmusphinx/cmudict	cmudict:first:L	lark	lib		"[""l"", ""ɑ"", ""ɹ"", ""k""]"	"[""l"", ""ɪ"", ""b""]"							3.2115079162781375	2.7837915177363364	2.9976497170072367	4	3		1	1	5	0								0	0	1	unseen_phase1:lib	L		1	1																
SOUND_0049	Sound	onset	1	train					cmusphinx/cmudict	cmudict:first:P	lbs	plight		"[""p"", ""aʊ"", ""n"", ""d"", ""z""]"	"[""p"", ""l"", ""aɪ"", ""t""]"							3.063281835544208	3.0917703733556454	3.0775261044499267	5	4		1	1	0	0								0	0	1	unseen_phase1:lbs,plight	P		1	1																
SOUND_0050	Sound	onset	1	train					cmusphinx/cmudict	cmudict:first:L	leaf	lice		"[""l"", ""iː"", ""f""]"	"[""l"", ""aɪ"", ""s""]"							3.7156756978388716	3.329856321842687	3.5227660098407796	3	3		1	1	849	7								0	0	1		L		1	1																
SOUND_0051	Sound	onset	1	train					cmusphinx/cmudict	cmudict:first:M	man	moans		"[""m"", ""æ"", ""n""]"	"[""m"", ""oʊ"", ""n"", ""z""]"							6.266171723689466	3.3218136015872735	4.793992662638369	3	4		1	1	6392	1								0	0	1		M		2	1																
SOUND_0052	Sound	onset	1	train					cmusphinx/cmudict	cmudict:first:M	mashed	med		"[""m"", ""æ"", ""ʃ"", ""t""]"	"[""m"", ""ɛ"", ""d""]"							3.5665876731657433	3.8289882664735937	3.6977879698196685	4	3		1	1	255	1								0	0	1		M		1	1																
SOUND_0053	Sound	onset	1	train					cmusphinx/cmudict	cmudict:first:M	may	moi		"[""m"", ""eɪ""]"	"[""m"", ""w"", ""ɑ""]"							5.708737410961946	3.2924298239020637	4.500583617432005	2	3		1	1	1779	18								0	0	1		M		1	1																
SOUND_0054	Sound	onset	1	train					cmusphinx/cmudict	cmudict:first:M	med	mic		"[""m"", ""ɛ"", ""d""]"	"[""m"", ""aɪ"", ""k""]"							3.8289882664735937	3.2009148427807133	3.5149515546271535	3	3		1	1	1	53								0	0	1		M		1	1																
SOUND_0055	Sound	onset	1	train					cmusphinx/cmudict	cmudict:first:M	mid	moan		"[""m"", ""ɪ"", ""d""]"	"[""m"", ""oʊ"", ""n""]"							3.098609797885951	3.274701056941632	3.1866554274137915	3	3		1	1	15	15								0	0	1		M		1	1																
SOUND_0056	Sound	onset	1	train					cmusphinx/cmudict	cmudict:first:M	mince	moi		"[""m"", ""ɪ"", ""n"", ""s""]"	"[""m"", ""w"", ""ɑ""]"							2.723793588061051	3.2924298239020637	3.008111705981557	4	3		1	1	8	18								0	0	1		M		1	1																
SOUND_0057	Sound	onset	1	train					cmusphinx/cmudict	cmudict:first:M	mitt	mobs		"[""m"", ""ɪ"", ""t""]"	"[""m"", ""ɑ"", ""b"", ""z""]"							3.1375278639163207	2.769551078621726	2.953539471269023	3	4		1	1	29	0								0	0	1	unseen_phase1:mobs	M		1	1																
SOUND_0058	Sound	onset	1	train					cmusphinx/cmudict	cmudict:first:N	nag	night		"[""n"", ""æ"", ""ɡ""]"	"[""n"", ""aɪ"", ""t""]"							3.337752802688721	5.937537558034146	4.637645180361433	3	3		1	1	3	6304								0	0	1		N		1	1																
SOUND_0059	Sound	onset	1	train					cmusphinx/cmudict	cmudict:first:N	needs	nine		"[""n"", ""iː"", ""d"", ""z""]"	"[""n"", ""aɪ"", ""n""]"							5.206137737882546	4.829114496522994	5.01762611720277	4	3		1	1	1474	2304								0	0	1		N		1	1																
SOUND_0060	Sound	onset	1	train					cmusphinx/cmudict	cmudict:first:N	nor	now		"[""n"", ""ɔ"", ""ɹ""]"	"[""n"", ""aʊ""]"							4.556065892490172	6.505503762894741	5.5307848276924565	3	2		1	1	20	35739								0	0	1		N		1	1																
SOUND_0061	Sound	onset	1	train					cmusphinx/cmudict	cmudict:first:P	par	paws		"[""p"", ""ɑ"", ""ɹ""]"	"[""p"", ""ɔ"", ""z""]"							3.6955503450778817	3.3962335448580205	3.545891944967951	3	3		1	1	17	132								0	0	1		P		1	1																
SOUND_0062	Sound	onset	1	train					cmusphinx/cmudict	cmudict:first:P	past	pups		"[""p"", ""æ"", ""s"", ""t""]"	"[""p"", ""ʌ"", ""p"", ""s""]"							5.092596814103428	2.9551876555836376	4.023892234843533	4	4		1	1	383	12								0	0	1		P		2	1																
SOUND_0063	Sound	onset	1	train					cmusphinx/cmudict	cmudict:first:P	paved	poise		"[""p"", ""eɪ"", ""v"", ""d""]"	"[""p"", ""ɔɪ"", ""z""]"							2.9456423376774072	3.040617850908264	2.9931300942928356	4	3		1	1	3	1								0	0	1		P		1	1																
SOUND_0064	Sound	onset	1	train					cmusphinx/cmudict	cmudict:first:P	pay	pi		"[""p"", ""eɪ""]"	"[""p"", ""aɪ""]"							5.405871777867385	3.5642714304385628	4.485071604152974	2	2		1	1	571	31								0	0	1		P		1	1																
SOUND_0065	Sound	onset	1	train					cmusphinx/cmudict	cmudict:first:P	piled	pours		"[""p"", ""aɪ"", ""l"", ""d""]"	"[""p"", ""ɔ"", ""ɹ"", ""z""]"							3.173243416182855	3.173243416182855	3.173243416182855	4	4		1	1	14	15								0	0	1		P		1	1																
SOUND_0066	Sound	onset	1	train					cmusphinx/cmudict	cmudict:first:P	pips	pray		"[""p"", ""ɪ"", ""p"", ""s""]"	"[""p"", ""ɹ"", ""eɪ""]"							3.040617850908264	4.558896719342306	3.7997572851252848	4	3		1	1	0	44								0	0	1	unseen_phase1:pips	P		1	1																
SOUND_0067	Sound	onset	1	train					cmusphinx/cmudict	cmudict:first:P	plumb	porn		"[""p"", ""l"", ""ʌ"", ""m""]"	"[""p"", ""ɔ"", ""ɹ"", ""n""]"							3.226928275145631	4.064751530624983	3.6458399028853075	4	4		1	1	4	1								0	0	1		P		1	1																
SOUND_0068	Sound	onset	1	train					cmusphinx/cmudict	cmudict:first:P	pox	prep		"[""p"", ""ɑ"", ""k"", ""s""]"	"[""p"", ""ɹ"", ""ɛ"", ""p""]"							3.167491087293764	3.8778905534105643	3.522690820352164	4	4		1	1	59	0								0	0	1	unseen_phase1:prep	P		1	1																
SOUND_0069	Sound	onset	1	train					cmusphinx/cmudict	cmudict:first:R	rad	roots		"[""ɹ"", ""æ"", ""d""]"	"[""ɹ"", ""uː"", ""t"", ""s""]"							2.9456423376774072	3.8043131848809377	3.3749777612791725	3	4		1	1	4	44								0	0	1		R		1	1																
SOUND_0070	Sound	onset	1	train					cmusphinx/cmudict	cmudict:first:R	rail	rots		"[""ɹ"", ""eɪ"", ""l""]"	"[""ɹ"", ""ɑ"", ""t"", ""s""]"							3.6597857449280826	2.935882500388251	3.297834122658167	3	4		1	1	21	1								0	0	1		R		1	1																
SOUND_0071	Sound	onset	1	train					cmusphinx/cmudict	cmudict:first:R	rare	runs		"[""ɹ"", ""ɛ"", ""ɹ""]"	"[""ɹ"", ""ʌ"", ""n"", ""z""]"							4.328659367988358	4.506478503314005	4.417568935651182	3	4		1	1	26	381								0	0	1		R		1	1																
SOUND_0072	Sound	onset	1	train					cmusphinx/cmudict	cmudict:first:R	rats	risks		"[""ɹ"", ""æ"", ""t"", ""s""]"	"[""ɹ"", ""ɪ"", ""s"", ""k"", ""s""]"							4.2208256761587775	3.8135679076061	4.017196791882439	4	5		1	1	74	1								0	0	1		R		2	1																
SOUND_0073	Sound	onset	1	train					cmusphinx/cmudict	cmudict:first:R	rims	rode		"[""ɹ"", ""ɪ"", ""m"", ""z""]"	"[""ɹ"", ""oʊ"", ""d""]"							2.883494430928563	4.0167056935028524	3.4501000622157076	4	3		1	1	1	126								0	0	1		R		1	1																
SOUND_0074	Sound	onset	1	train					cmusphinx/cmudict	cmudict:first:S	sane	seal		"[""s"", ""eɪ"", ""n""]"	"[""s"", ""iː"", ""l""]"							3.7411361438071435	4.168647664493706	3.9548919041504247	3	3		1	1	1	385								0	0	1		S		1	1																
SOUND_0075	Sound	onset	1	train					cmusphinx/cmudict	cmudict:first:S	scalps	soir		"[""s"", ""k"", ""æ"", ""l"", ""p"", ""s""]"	"[""s"", ""w"", ""ɑ"", ""ɹ""]"							2.7837915177363364	2.7837915177363364	2.7837915177363364	6	3		1	1	0	0								0	0	1	unseen_phase1:scalps,soir	S		1	1																
SOUND_0076	Sound	onset	1	train					cmusphinx/cmudict	cmudict:first:S	scouts	spry		"[""s"", ""k"", ""aʊ"", ""t"", ""s""]"	"[""s"", ""p"", ""ɹ"", ""aɪ""]"							3.738034027175661	2.7975798022219696	3.2678069146988156	5	4		1	1	26	0								0	0	1	unseen_phase1:spry	S		1	1																
SOUND_0077	Sound	onset	1	train					cmusphinx/cmudict	cmudict:first:S	seas	spelled		"[""s"", ""iː"", ""z""]"	"[""s"", ""p"", ""ɛ"", ""l"", ""d""]"							3.6407346869502244	3.542849826210958	3.5917922565805913	3	5		1	1	10	50								0	0	1		S		1	1																
SOUND_0078	Sound	onset	1	train					cmusphinx/cmudict	cmudict:first:S	self	smokes		"[""s"", ""ɛ"", ""l"", ""f""]"	"[""s"", ""m"", ""oʊ"", ""k"", ""s""]"							4.150967021471702	3.710731115221809	3.9308490683467556	4	5		1	1	230	33								0	0	1		S		1	1																
SOUND_0079	Sound	onset	1	train					cmusphinx/cmudict	cmudict:first:S	sink	smiles		"[""s"", ""ɪ"", ""ŋ"", ""k""]"	"[""s"", ""m"", ""aɪ"", ""l"", ""z""]"							4.228440619617273	3.7921169065204676	4.01027876306887	4	5		1	1	338	29								0	0	1		S		1	1																
SOUND_0080	Sound	onset	1	train					cmusphinx/cmudict	cmudict:first:S	skins	sled		"[""s"", ""k"", ""ɪ"", ""n"", ""z""]"	"[""s"", ""l"", ""ɛ"", ""d""]"							3.425968732272281	3.4656160923143378	3.4457924122933097	5	4		1	1	9	122								0	0	1		S		1	1																
SOUND_0081	Sound	onset	1	train					cmusphinx/cmudict	cmudict:first:S	skins	slew		"[""s"", ""k"", ""ɪ"", ""n"", ""z""]"	"[""s"", ""l"", ""uː""]"							3.425968732272281	3.11850462660289	3.2722366794375857	5	3		1	1	9	2								0	0	1		S		1	1																
SOUND_0082	Sound	onset	1	train					cmusphinx/cmudict	cmudict:first:S	soir	stub		"[""s"", ""w"", ""ɑ"", ""ɹ""]"	"[""s"", ""t"", ""ʌ"", ""b""]"							2.7837915177363364	2.982625903930577	2.8832087108334568	3	4		1	1	0	1								0	0	1	unseen_phase1:soir	S		1	1																
SOUND_0083	Sound	onset	1	train					cmusphinx/cmudict	cmudict:first:S	spa	state		"[""s"", ""p"", ""ɑ""]"	"[""s"", ""t"", ""eɪ"", ""t""]"							3.6708277248502013	5.032792513396307	4.351810119123254	3	4		1	1	1	258								0	0	1		S		1	1																
SOUND_0084	Sound	onset	1	train					cmusphinx/cmudict	cmudict:first:S	strand	sums		"[""s"", ""t"", ""ɹ"", ""æ"", ""n"", ""d""]"	"[""s"", ""ʌ"", ""m"", ""z""]"							3.2655576775017625	3.2369124960522324	3.2512350867769975	6	4		1	1	0	0								0	0	1	unseen_phase1:strand,sums	S		1	1																
SOUND_0085	Sound	onset	1	train					cmusphinx/cmudict	cmudict:first:T	teas	tout		"[""t"", ""iː"", ""z""]"	"[""t"", ""aʊ"", ""t""]"							2.7074031718728815	3.0327925133963074	2.8700978426345944	3	3		1	1	1	1								0	0	1		T		1	1																
SOUND_0086	Sound	onset	1	train					cmusphinx/cmudict	cmudict:first:T	took	tux		"[""t"", ""ʊ"", ""k""]"	"[""t"", ""ʌ"", ""k"", ""s""]"							5.534324795532767	3.5379424917162137	4.53613364362449	3	4		1	1	2580	0								0	0	1	unseen_phase1:tux	T		2	1																
SOUND_0087	Sound	onset	1	train					cmusphinx/cmudict	cmudict:first:Y	used	yards		"[""j"", ""uː"", ""z"", ""d""]"	"[""j"", ""ɑ"", ""ɹ"", ""d"", ""z""]"							5.53673169012324	4.173243416182855	4.854987553153047	4	5		1	1	843	4								0	0	1		Y		3	1																
SOUND_0088	Sound	onset	1	train					cmusphinx/cmudict	cmudict:first:V	veil	views		"[""v"", ""eɪ"", ""l""]"	"[""v"", ""j"", ""uː"", ""z""]"							3.471406771195233	3.606297044271217	3.5388519077332248	3	4		1	1	4	0								0	0	1	unseen_phase1:views	V		1	1																
SOUND_0089	Sound	onset	1	train					cmusphinx/cmudict	cmudict:first:V	vile	vow		"[""v"", ""aɪ"", ""l""]"	"[""v"", ""aʊ""]"							3.6465382630494645	3.7333389059672815	3.689938584508373	3	2		1	1	1	4								0	0	1		V		1	1																
SOUND_0090	Sound	onset	1	train					cmusphinx/cmudict	cmudict:first:W	woe	words		"[""w"", ""oʊ""]"	"[""w"", ""ɜː"", ""d"", ""z""]"							3.3679767852945943	5.086429624886534	4.227203205090564	2	4		1	1	46	1207								0	0	1		W		1	1																
SOUND_0091	Sound	rhyme	1	train					cmusphinx/cmudict	cmudict:rime:EY-K	ache	make		"[""eɪ"", ""k""]"	"[""m"", ""eɪ"", ""k""]"							3.3962335448580205	6.142309701939205	4.7692716233986125	2	3		1	1	331	20509								0	0	1			EY K	2	1																
SOUND_0092	Sound	rhyme	1	train					cmusphinx/cmudict	cmudict:rime:AE-D	ad	lad		"[""æ"", ""d""]"	"[""l"", ""æ"", ""d""]"							4.1337892943569186	4.159307638239563	4.14654846629824	2	3		1	1	29	17								0	0	1			AE D	2	1																
SOUND_0093	Sound	rhyme	1	train					cmusphinx/cmudict	cmudict:rime:EH-R-Z	airs	fares		"[""ɛ"", ""ɹ"", ""z""]"	"[""f"", ""ɛ"", ""ɹ"", ""z""]"							2.883494430928563	2.7975798022219696	2.840537116575266	3	4		1	1	2	1								0	0	1			EH R Z	3	1																
SOUND_0094	Sound	rhyme	1	train					cmusphinx/cmudict	cmudict:rime:IY-Z	bees	seas		"[""b"", ""iː"", ""z""]"	"[""s"", ""iː"", ""z""]"							3.7269987279362624	3.6407346869502244	3.6838667074432436	3	3		1	1	351	10								0	0	1			IY Z	2	1																
SOUND_0095	Sound	rhyme	1	train					cmusphinx/cmudict	cmudict:rime:EH-S-T	best	test		"[""b"", ""ɛ"", ""s"", ""t""]"	"[""t"", ""ɛ"", ""s"", ""t""]"							5.606781665677726	4.924684600586778	5.265733133132252	4	4		1	1	1222	247								0	0	1			EH S T	3	1																
SOUND_0096	Sound	rhyme	1	train					cmusphinx/cmudict	cmudict:rime:AY	bi	spry		"[""b"", ""aɪ""]"	"[""s"", ""p"", ""ɹ"", ""aɪ""]"							2.9456423376774072	2.7975798022219696	2.8716110699496884	2	4		1	1	75	0								0	0	1	unseen_phase1:spry		AY	1	1																
SOUND_0097	Sound	rhyme	1	train					cmusphinx/cmudict	cmudict:rime:IH-B	bib	lib		"[""b"", ""ɪ"", ""b""]"	"[""l"", ""ɪ"", ""b""]"							2.6903698325741012	2.7837915177363364	2.7370806751552186	3	3		1	1	476	0								0	0	1	unseen_phase1:lib		IH B	2	1																
SOUND_0098	Sound	rhyme	1	train					cmusphinx/cmudict	cmudict:rime:AY-N-D	bind	mined		"[""b"", ""aɪ"", ""n"", ""d""]"	"[""m"", ""aɪ"", ""n"", ""d""]"							3.5254259342942174	2.872213420518874	3.1988196774065454	4	4		1	1	1	0								0	0	1	unseen_phase1:mined		AY N D	3	1																
SOUND_0099	Sound	rhyme	1	train					cmusphinx/cmudict	cmudict:rime:AY-N-D	blind	mined		"[""b"", ""l"", ""aɪ"", ""n"", ""d""]"	"[""m"", ""aɪ"", ""n"", ""d""]"							4.66108853629429	2.872213420518874	3.766650978406582	5	4		1	1	82	0								0	0	1	unseen_phase1:mined		AY N D	3	1																
SOUND_0100	Sound	rhyme	1	train					cmusphinx/cmudict	cmudict:rime:IH-P	blip	scrip		"[""b"", ""l"", ""ɪ"", ""p""]"	"[""s"", ""k"", ""ɹ"", ""ɪ"", ""p""]"							2.905213680621799	2.848732324669351	2.876973002645575	4	5		1	1	3	0								0	0	1	unseen_phase1:scrip		IH P	2	1																
SOUND_0101	Sound	rhyme	1	train					cmusphinx/cmudict	cmudict:rime:AH-F-T	bluffed	cuffed		"[""b"", ""l"", ""ʌ"", ""f"", ""t""]"	"[""k"", ""ʌ"", ""f"", ""t""]"							2.723793588061051	2.7395878552442827	2.731690721652667	5	4		1	1	0	7								0	0	1	unseen_phase1:bluffed		AH F T	3	1																
SOUND_0102	Sound	rhyme	1	train					cmusphinx/cmudict	cmudict:rime:ER	blur	per		"[""b"", ""l"", ""ɜː""]"	"[""p"", ""ɜː""]"							3.329856321842687	4.349715468320278	3.8397858950814827	3	2		1	1	6	55								0	0	1			ER	1	1																
SOUND_0103	Sound	rhyme	1	train					cmusphinx/cmudict	cmudict:rime:ER-T	blurt	pert		"[""b"", ""l"", ""ɜː"", ""t""]"	"[""p"", ""ɜː"", ""t""]"							2.6903698325741012	2.6903698325741012	2.6903698325741012	4	3		1	1	0	0								0	0	1	unseen_phase1:blurt,pert		ER T	2	1																
SOUND_0104	Sound	rhyme	1	train					cmusphinx/cmudict	cmudict:rime:AO-R	bore	soar		"[""b"", ""ɔ"", ""ɹ""]"	"[""s"", ""ɔ"", ""ɹ""]"							3.889026919528524	3.184524426592544	3.536775673060534	3	3		1	1	3	1								0	0	1			AO R	2	1																
SOUND_0105	Sound	rhyme	1	train					cmusphinx/cmudict	cmudict:rime:AE-N	bran	clan		"[""b"", ""ɹ"", ""æ"", ""n""]"	"[""k"", ""l"", ""æ"", ""n""]"							3.11850462660289	3.6125761100131175	3.365540368308004	4	4		1	1	69	0								0	0	1	unseen_phase1:clan		AE N	2	1																
SOUND_0106	Sound	rhyme	1	train					cmusphinx/cmudict	cmudict:rime:AE-N-D	brand	strand		"[""b"", ""ɹ"", ""æ"", ""n"", ""d""]"	"[""s"", ""t"", ""ɹ"", ""æ"", ""n"", ""d""]"							4.14490981753892	3.2655576775017625	3.7052337475203414	5	6		1	1	142	0								0	0	1	unseen_phase1:strand		AE N D	4	1																
SOUND_0107	Sound	rhyme	1	train					cmusphinx/cmudict	cmudict:rime:UW	brew	que		"[""b"", ""ɹ"", ""uː""]"	"[""k"", ""w"", ""ɛ""]"							3.399639793549932	3.718941085266639	3.5592904394082856	3	3		1	1	10	22								0	0	1			UW	1	1																
SOUND_0108	Sound	rhyme	1	train					cmusphinx/cmudict	cmudict:rime:AH-M-P	bump	jump		"[""b"", ""ʌ"", ""m"", ""p""]"	"[""d̠ʒ"", ""ʌ"", ""m"", ""p""]"							4.091770373355645	4.844001797576317	4.467886085465981	4	4		1	1	1088	2805								0	0	1			AH M P	3	1																
SOUND_0109	Sound	rhyme	1	train					cmusphinx/cmudict	cmudict:rime:AA-R-D	card	yard		"[""k"", ""ɑ"", ""ɹ"", ""d""]"	"[""j"", ""ɑ"", ""ɹ"", ""d""]"							4.931617383837818	4.398960677724445	4.665289030781132	4	4		1	1	658	253								0	0	1			AA R D	3	1																
SOUND_0110	Sound	rhyme	1	train					cmusphinx/cmudict	cmudict:rime:AE-S-T	caste	past		"[""k"", ""æ"", ""s"", ""t""]"	"[""p"", ""æ"", ""s"", ""t""]"							2.935882500388251	5.092596814103428	4.01423965724584	4	4		1	1	0	383								0	0	1	unseen_phase1:caste		AE S T	3	1																
SOUND_0111	Sound	rhyme	1	train					cmusphinx/cmudict	cmudict:rime:AO-R	chore	fore		"[""t̠ʃ"", ""ɔ"", ""ɹ""]"	"[""f"", ""ɔ"", ""ɹ""]"							3.0	3.42276359239707	3.211381796198535	3	3		1	1	5	9								0	0	1			AO R	2	1																
SOUND_0112	Sound	rhyme	1	train					cmusphinx/cmudict	cmudict:rime:AO-R	chore	oar		"[""t̠ʃ"", ""ɔ"", ""ɹ""]"	"[""ɔ"", ""ɹ""]"							3.0	2.915679114299964	2.957839557149982	3	2		1	1	5	7								0	0	1			AO R	2	1																
SOUND_0113	Sound	rhyme	1	train					cmusphinx/cmudict	cmudict:rime:AO-R	chore	tore		"[""t̠ʃ"", ""ɔ"", ""ɹ""]"	"[""t"", ""ɔ"", ""ɹ""]"							3.0	3.918770191277106	3.4593850956385532	3	3		1	1	5	86								0	0	1			AO R	2	1																
SOUND_0114	Sound	rhyme	1	train					cmusphinx/cmudict	cmudict:rime:AH-M	chum	plumb		"[""t̠ʃ"", ""ʌ"", ""m""]"	"[""p"", ""l"", ""ʌ"", ""m""]"							3.4855544222565253	3.226928275145631	3.3562413487010785	3	4		1	1	8	4								0	0	1			AH M	2	1																
SOUND_0115	Sound	rhyme	1	train					cmusphinx/cmudict	cmudict:rime:AH-NG-K	chunk	junk		"[""t̠ʃ"", ""ʌ"", ""ŋ"", ""k""]"	"[""d̠ʒ"", ""ʌ"", ""ŋ"", ""k""]"							3.6167122791997564	4.186745886586502	3.9017290828931293	4	4		1	1	33	191								0	0	1			AH NG K	3	1																
SOUND_0116	Sound	rhyme	1	train					cmusphinx/cmudict	cmudict:rime:AE-M-P	clamp	tramp		"[""k"", ""l"", ""æ"", ""m"", ""p""]"	"[""t"", ""ɹ"", ""æ"", ""m"", ""p""]"							3.8364978682523394	3.918770191277106	3.8776340297647227	5	5		1	1	6	56								0	0	1			AE M P	3	1																
SOUND_0117	Sound	rhyme	1	train					cmusphinx/cmudict	cmudict:rime:AE-M-Z	clams	jams		"[""k"", ""l"", ""æ"", ""m"", ""z""]"	"[""d̠ʒ"", ""æ"", ""m"", ""z""]"							3.4323089103033	3.098609797885951	3.2654593540946255	5	4		1	1	15	1								0	0	1			AE M Z	3	1																
SOUND_0118	Sound	rhyme	1	train					cmusphinx/cmudict	cmudict:rime:AA-K	clock	shock		"[""k"", ""l"", ""ɑ"", ""k""]"	"[""ʃ"", ""ɑ"", ""k""]"							4.768101012226493	4.459155879482116	4.613628445854305	4	3		1	1	1526	45								0	0	1			AA K	2	1																
SOUND_0119	Sound	rhyme	1	train					cmusphinx/cmudict	cmudict:rime:OW-N-Z	clones	zones		"[""k"", ""l"", ""oʊ"", ""n"", ""z""]"	"[""z"", ""oʊ"", ""n"", ""z""]"							2.9456423376774072	3.2466723333413885	3.096157335509398	5	4		1	1	0	0								0	0	1	unseen_phase1:clones,zones		OW N Z	3	1																
SOUND_0120	Sound	rhyme	1	train					cmusphinx/cmudict	cmudict:rime:AH-M-Z	comes	sums		"[""k"", ""ʌ"", ""m"", ""z""]"	"[""s"", ""ʌ"", ""m"", ""z""]"							5.358979362663997	3.2369124960522324	4.297945929358114	4	4		1	1	3534	0								0	0	1	unseen_phase1:sums		AH M Z	3	1																
SOUND_0121	Sound	rhyme	1	train					cmusphinx/cmudict	cmudict:rime:OW-N-Z	cones	zones		"[""k"", ""oʊ"", ""n"", ""z""]"	"[""z"", ""oʊ"", ""n"", ""z""]"							3.0777596589128304	3.2466723333413885	3.1622159961271095	4	4		1	1	102	0								0	0	1	unseen_phase1:zones		OW N Z	3	1																
SOUND_0122	Sound	rhyme	1	train					cmusphinx/cmudict	cmudict:rime:UW-N	coon	toon		"[""k"", ""uː"", ""n""]"	"[""t"", ""uː"", ""n""]"							3.098609797885951	2.883494430928563	2.991052114407257	3	3		1	1	12	2								0	0	1			UW N	2	1																
SOUND_0123	Sound	rhyme	1	train					cmusphinx/cmudict	cmudict:rime:AO-R-Z	cores	pours		"[""k"", ""ɔ"", ""ɹ"", ""z""]"	"[""p"", ""ɔ"", ""ɹ"", ""z""]"							2.8109437637799513	3.173243416182855	2.992093589981403	4	4		1	1	0	15								0	0	1	unseen_phase1:cores		AO R Z	3	1																
SOUND_0124	Sound	rhyme	1	train					cmusphinx/cmudict	cmudict:rime:AA-T	cot	hot		"[""k"", ""ɑ"", ""t""]"	"[""h"", ""ɑ"", ""t""]"							3.3010299956639813	5.2783949022069345	4.2897124489354574	3	3		1	1	19	5193								0	0	1			AA T	2	1																
SOUND_0125	Sound	rhyme	1	train					cmusphinx/cmudict	cmudict:rime:UW	crew	goo		"[""k"", ""ɹ"", ""uː""]"	"[""ɡ"", ""uː""]"							4.676962439396313	3.329856321842687	4.0034093806195	3	2		1	1	26	358								0	0	1			UW	1	1																
SOUND_0126	Sound	rhyme	1	train					cmusphinx/cmudict	cmudict:rime:ER	cur	ur		"[""k"", ""ɜː""]"	"[""ɜː""]"							2.7837915177363364	2.8239087409443187	2.8038501293403275	2	1		1	1	4	20								0	0	1			ER	1	1																
SOUND_0127	Sound	rhyme	1	train					cmusphinx/cmudict	cmudict:rime:AO-N-Z	dawns	yawns		"[""d"", ""ɔ"", ""n"", ""z""]"	"[""j"", ""ɔ"", ""n"", ""z""]"							2.723793588061051	2.769551078621726	2.7466723333413885	4	4		1	1	1	9								0	0	1			AO N Z	3	1																
SOUND_0128	Sound	rhyme	1	train					cmusphinx/cmudict	cmudict:rime:EY-Z	daze	haze		"[""d"", ""eɪ"", ""z""]"	"[""h"", ""eɪ"", ""z""]"							2.7395878552442827	3.1789205490745456	2.959254202159414	3	3		1	1	2	0								0	0	1	unseen_phase1:haze		EY Z	2	1																
SOUND_0129	Sound	rhyme	1	train					cmusphinx/cmudict	cmudict:rime:EY-Z	daze	trays		"[""d"", ""eɪ"", ""z""]"	"[""t"", ""ɹ"", ""eɪ"", ""z""]"							2.7395878552442827	3.184524426592544	2.9620561409184134	3	4		1	1	2	12								0	0	1			EY Z	2	1																
SOUND_0130	Sound	rhyme	1	train					cmusphinx/cmudict	cmudict:rime:IH-P-S	dips	pips		"[""d"", ""ɪ"", ""p"", ""s""]"	"[""p"", ""ɪ"", ""p"", ""s""]"							2.7975798022219696	3.040617850908264	2.9190988265651168	4	4		1	1	4	0								0	0	1	unseen_phase1:pips		IH P S	3	1																
SOUND_0131	Sound	rhyme	1	train					cmusphinx/cmudict	cmudict:rime:IH-P-S	dips	skips		"[""d"", ""ɪ"", ""p"", ""s""]"	"[""s"", ""k"", ""ɪ"", ""p"", ""s""]"							2.7975798022219696	2.915679114299964	2.856629458260967	4	5		1	1	4	8								0	0	1			IH P S	3	1																
SOUND_0132	Sound	rhyme	1	train					cmusphinx/cmudict	cmudict:rime:EH-JH	dredge	hedge		"[""d"", ""ɹ"", ""ɛ"", ""d̠ʒ""]"	"[""h"", ""ɛ"", ""d̠ʒ""]"							2.6726410656136697	3.190056915192505	2.9313489904030874	4	3		1	1	0	35								0	0	1	unseen_phase1:dredge		EH JH	2	1																
SOUND_0133	Sound	rhyme	1	train					cmusphinx/cmudict	cmudict:rime:EH-JH	dredge	sledge		"[""d"", ""ɹ"", ""ɛ"", ""d̠ʒ""]"	"[""s"", ""l"", ""ɛ"", ""d̠ʒ""]"							2.6726410656136697	2.6726410656136697	2.6726410656136697	4	4		1	1	0	3								0	0	1	unseen_phase1:dredge		EH JH	2	1																
SOUND_0134	Sound	rhyme	1	train					cmusphinx/cmudict	cmudict:rime:AH-M	drum	plumb		"[""d"", ""ɹ"", ""ʌ"", ""m""]"	"[""p"", ""l"", ""ʌ"", ""m""]"							3.9279135707169757	3.226928275145631	3.5774209229313034	4	4		1	1	467	4								0	0	1			AH M	2	1																
SOUND_0135	Sound	rhyme	1	train					cmusphinx/cmudict	cmudict:rime:AY	dry	lye		"[""d"", ""ɹ"", ""aɪ""]"	"[""l"", ""aɪ""]"							4.6316824579347635	2.7837915177363364	3.70773698783555	3	2		1	1	1238	0								0	0	1	unseen_phase1:lye		AY	1	1																
SOUND_0136	Sound	rhyme	1	train					cmusphinx/cmudict	cmudict:rime:EH-N-D	end	penned		"[""ɛ"", ""n"", ""d""]"	"[""p"", ""ɛ"", ""n"", ""d""]"							5.424657484635431	2.6903698325741012	4.057513658604766	3	4		1	1	2089	0								0	0	1	unseen_phase1:penned		EH N D	3	1																
SOUND_0137	Sound	rhyme	1	train					cmusphinx/cmudict	cmudict:rime:EY-L	fail	veil		"[""f"", ""eɪ"", ""l""]"	"[""v"", ""eɪ"", ""l""]"							4.390727360396761	3.471406771195233	3.931067065795997	3	3		1	1	12	4								0	0	1			EY L	2	1																
SOUND_0138	Sound	rhyme	1	train					cmusphinx/cmudict	cmudict:rime:IY-Z	fees	seas		"[""f"", ""iː"", ""z""]"	"[""s"", ""iː"", ""z""]"							3.4507923159973135	3.6407346869502244	3.545763501473769	3	3		1	1	4	10								0	0	1			IY Z	2	1																
SOUND_0139	Sound	rhyme	1	train					cmusphinx/cmudict	cmudict:rime:IY-Z	fees	seize		"[""f"", ""iː"", ""z""]"	"[""s"", ""iː"", ""z""]"							3.4507923159973135	3.6833649310054426	3.567078623501378	3	3		1	1	4	1								0	0	1			IY Z	2	1																
SOUND_0140	Sound	rhyme	1	train					cmusphinx/cmudict	cmudict:rime:OY-L	foil	oil		"[""f"", ""ɔɪ"", ""l""]"	"[""ɔɪ"", ""l""]"							3.0848215134003176	4.613613851204378	3.849217682302348	3	2		1	1	29	365								0	0	1			OY L	2	1																
SOUND_0141	Sound	rhyme	1	train					cmusphinx/cmudict	cmudict:rime:AE-NG-K	franc	sank		"[""f"", ""ɹ"", ""æ"", ""ŋ"", ""k""]"	"[""s"", ""æ"", ""ŋ"", ""k""]"							2.905213680621799	3.3338225090602887	3.1195180948410437	5	4		1	1	0	19								0	0	1	unseen_phase1:franc		AE NG K	3	1																
SOUND_0142	Sound	rhyme	1	train					cmusphinx/cmudict	cmudict:rime:IY	glee	mee		"[""ɡ"", ""l"", ""iː""]"	"[""m"", ""iː""]"							3.055857817465001	2.6726410656136697	2.8642494415393354	3	2		1	1	10	36								0	0	1			IY	1	1																
SOUND_0143	Sound	rhyme	1	train					cmusphinx/cmudict	cmudict:rime:UW	goo	slew		"[""ɡ"", ""uː""]"	"[""s"", ""l"", ""uː""]"							3.329856321842687	3.11850462660289	3.2241804742227886	2	3		1	1	358	2								0	0	1			UW	1	1																
SOUND_0144	Sound	rhyme	1	train					cmusphinx/cmudict	cmudict:rime:AE-B	grab	nab		"[""ɡ"", ""ɹ"", ""æ"", ""b""]"	"[""n"", ""æ"", ""b""]"							4.8504179721269765	2.8239087409443187	3.8371633565356476	4	3		1	1	539	2								0	0	1			AE B	2	1																
SOUND_0145	Sound	rhyme	1	train					cmusphinx/cmudict	cmudict:rime:AE-B	grab	scab		"[""ɡ"", ""ɹ"", ""æ"", ""b""]"	"[""s"", ""k"", ""æ"", ""b""]"							4.8504179721269765	2.7975798022219696	3.823998887174473	4	4		1	1	539	31								0	0	1			AE B	2	1																
SOUND_0146	Sound	rhyme	1	train					cmusphinx/cmudict	cmudict:rime:AE-F	graph	staph		"[""ɡ"", ""ɹ"", ""æ"", ""f""]"	"[""s"", ""t"", ""æ"", ""f""]"							2.872213420518874	2.6903698325741012	2.7812916265464875	4	4		1	1	4	0								0	0	1	unseen_phase1:staph		AE F	2	1																
SOUND_0147	Sound	rhyme	1	train					cmusphinx/cmudict	cmudict:rime:AE-M-Z	hams	jams		"[""h"", ""æ"", ""m"", ""z""]"	"[""d̠ʒ"", ""æ"", ""m"", ""z""]"							2.75482782180102	3.098609797885951	2.9267188098434853	4	4		1	1	2	1								0	0	1			AE M Z	3	1																
SOUND_0148	Sound	rhyme	1	train					cmusphinx/cmudict	cmudict:rime:AE-SH	hash	sash		"[""h"", ""æ"", ""ʃ""]"	"[""s"", ""æ"", ""ʃ""]"							3.5477023290053697	3.055857817465001	3.3017800732351854	3	3		1	1	10	20								0	0	1			AE SH	2	1																
SOUND_0149	Sound	rhyme	1	train					cmusphinx/cmudict	cmudict:rime:IY	hee	pea		"[""h"", ""iː""]"	"[""p"", ""iː""]"							3.7349095929665124	3.59128290031177	3.6630962466391415	2	2		1	1	1182	276								0	0	1			IY	1	1																
SOUND_0150	Sound	rhyme	1	train					cmusphinx/cmudict	cmudict:rime:AY	high	try		"[""h"", ""aɪ""]"	"[""t"", ""ɹ"", ""aɪ""]"							5.290034611362518	5.678286236263478	5.484160423812998	2	3		1	1	1609	7304								0	0	1			AY	1	1																
SOUND_0151	Sound	rhyme	1	train					cmusphinx/cmudict	cmudict:rime:AY-N-D	hind	mined		"[""h"", ""aɪ"", ""n"", ""d""]"	"[""m"", ""aɪ"", ""n"", ""d""]"							3.38933983691012	2.872213420518874	3.130776628714497	4	4		1	1	11	0								0	0	1	unseen_phase1:mined		AY N D	3	1																
SOUND_0152	Sound	rhyme	1	train					cmusphinx/cmudict	cmudict:rime:AA-P	hop	plop		"[""h"", ""ɑ"", ""p""]"	"[""p"", ""l"", ""ɑ"", ""p""]"							4.282324387620837	2.9258982794816504	3.6041113335512436	3	4		1	1	1381	91								0	0	1			AA P	2	1																
SOUND_0153	Sound	rhyme	1	train					cmusphinx/cmudict	cmudict:rime:AW-N-D-Z	hounds	lbs		"[""h"", ""aʊ"", ""n"", ""d"", ""z""]"	"[""p"", ""aʊ"", ""n"", ""d"", ""z""]"							3.274701056941632	3.063281835544208	3.16899144624292	5	5		1	1	3	0								0	0	1	unseen_phase1:lbs		AW N D Z	4	1																
SOUND_0154	Sound	rhyme	1	train					cmusphinx/cmudict	cmudict:rime:IH-M	hymn	rim		"[""h"", ""ɪ"", ""m""]"	"[""ɹ"", ""ɪ"", ""m""]"							3.2115079162781375	3.38933983691012	3.3004238765941287	3	3		1	1	0	7								0	0	1	unseen_phase1:hymn		IH M	2	1																
SOUND_0155	Sound	rhyme	1	train					cmusphinx/cmudict	cmudict:rime:AY-P	hype	pipe		"[""h"", ""aɪ"", ""p""]"	"[""p"", ""aɪ"", ""p""]"							3.2115079162781375	4.287626115499243	3.7495670158886902	3	3		1	1	0	437								0	0	1	unseen_phase1:hype		AY P	2	1																
SOUND_0156	Sound	rhyme	1	train					cmusphinx/cmudict	cmudict:rime:AE-K-T	jacked	lacked		"[""d̠ʒ"", ""æ"", ""k"", ""t""]"	"[""l"", ""æ"", ""k"", ""t""]"							3.3455082673854832	3.105343180544919	3.225425723965201	4	4		1	1	0	1								0	0	1	unseen_phase1:jacked		AE K T	3	1																
SOUND_0157	Sound	rhyme	1	train					cmusphinx/cmudict	cmudict:rime:EY-L-Z	jails	rails		"[""d̠ʒ"", ""eɪ"", ""l"", ""z""]"	"[""ɹ"", ""eɪ"", ""l"", ""z""]"							2.883494430928563	3.016705693502853	2.950100062215708	4	4		1	1	0	7								0	0	1	unseen_phase1:jails		EY L Z	3	1																
SOUND_0158	Sound	rhyme	1	train					cmusphinx/cmudict	cmudict:rime:AE-M-Z	jams	lambs		"[""d̠ʒ"", ""æ"", ""m"", ""z""]"	"[""l"", ""æ"", ""m"", ""z""]"							3.098609797885951	3.2218487496163566	3.1602292737511535	4	4		1	1	1	70								0	0	1			AE M Z	3	1																
SOUND_0159	Sound	rhyme	1	train					cmusphinx/cmudict	cmudict:rime:EH-T	jet	net		"[""d̠ʒ"", ""ɛ"", ""t""]"	"[""n"", ""ɛ"", ""t""]"							4.150365088621493	4.191703011219667	4.17103404992058	3	3		1	1	86	108								0	0	1			EH T	2	1																
SOUND_0160	Sound	rhyme	1	train					cmusphinx/cmudict	cmudict:rime:AA-K-S	jocks	pox		"[""d̠ʒ"", ""ɑ"", ""k"", ""s""]"	"[""p"", ""ɑ"", ""k"", ""s""]"							3.063281835544208	3.167491087293764	3.1153864614189857	4	4		1	1	0	59								0	0	1	unseen_phase1:jocks		AA K S	3	1																
SOUND_0161	Sound	rhyme	1	train					cmusphinx/cmudict	cmudict:rime:AE-G	lag	wag		"[""l"", ""æ"", ""ɡ""]"	"[""w"", ""æ"", ""ɡ""]"							3.167491087293764	2.7074031718728815	2.9374471295833224	3	3		1	1	0	53								0	0	1	unseen_phase1:lag		AE G	2	1																
SOUND_0162	Sound	rhyme	1	train					cmusphinx/cmudict	cmudict:rime:AO-R	lore	tore		"[""l"", ""ɔ"", ""ɹ""]"	"[""t"", ""ɔ"", ""ɹ""]"							2.8239087409443187	3.918770191277106	3.3713394661107126	3	3		1	1	2	86								0	0	1			AO R	2	1																
SOUND_0163	Sound	rhyme	1	train					cmusphinx/cmudict	cmudict:rime:EY-K	make	steak		"[""m"", ""eɪ"", ""k""]"	"[""s"", ""t"", ""eɪ"", ""k""]"							6.142309701939205	4.210460160686944	5.176384931313074	3	4		1	1	20509	213								0	0	1			EY K	2	1																
SOUND_0164	Sound	rhyme	1	train					cmusphinx/cmudict	cmudict:rime:OW-N	moan	shone		"[""m"", ""oʊ"", ""n""]"	"[""ʃ"", ""ɑ"", ""n""]"							3.274701056941632	2.769551078621726	3.022126067781679	3	3		1	1	15	8								0	0	1			OW N	2	1																
SOUND_0165	Sound	rhyme	1	train					cmusphinx/cmudict	cmudict:rime:AA	moi	trois		"[""m"", ""w"", ""ɑ""]"	"[""t"", ""w"", ""ɑ""]"							3.2924298239020637	2.894489815230026	3.0934598195660445	3	3		1	1	18	0								0	0	1	unseen_phase1:trois		AA	2	1																
SOUND_0166	Sound	rhyme	1	train					cmusphinx/cmudict	cmudict:rime:AO-R	nor	tor		"[""n"", ""ɔ"", ""ɹ""]"	"[""t"", ""ɔ"", ""ɹ""]"							4.556065892490172	3.3962335448580205	3.976149718674096	3	3		1	1	20	2								0	0	1			AO R	2	1																
SOUND_0167	Sound	rhyme	1	train					cmusphinx/cmudict	cmudict:rime:OW-N	phone	scone		"[""f"", ""oʊ"", ""n""]"	"[""s"", ""k"", ""oʊ"", ""n""]"							5.43092199105204	2.6903698325741012	4.06064591181307	3	4		1	1	1505	0								0	0	1	unseen_phase1:scone		OW N	2	1																
SOUND_0168	Sound	rhyme	1	train					cmusphinx/cmudict	cmudict:rime:AE-N	plan	tan		"[""p"", ""l"", ""æ"", ""n""]"	"[""t"", ""æ"", ""n""]"							5.163535524887649	3.934894344144185	4.549214934515917	4	3		1	1	149	95								0	0	1			AE N	2	1																
SOUND_0169	Sound	rhyme	1	train					cmusphinx/cmudict	cmudict:rime:AA-T-S	plots	pots		"[""p"", ""l"", ""ɑ"", ""t"", ""s""]"	"[""p"", ""ɑ"", ""t"", ""s""]"							3.226928275145631	3.5501083987712483	3.3885183369584397	5	4		1	1	0	128								0	0	1	unseen_phase1:plots	P	AA T S	4	1																
SOUND_0170	Sound	rhyme	1	train					cmusphinx/cmudict	cmudict:rime:OW-Z	prose	throes		"[""p"", ""ɹ"", ""oʊ"", ""z""]"	"[""θ"", ""ɹ"", ""oʊ"", ""z""]"							2.973671061277651	2.723793588061051	2.848732324669351	4	4		1	1	0	0								0	0	1	unseen_phase1:prose,throes		OW Z	3	1																
SOUND_0171	Sound	rhyme	1	train					cmusphinx/cmudict	cmudict:rime:AH-S-T	rust	trust		"[""ɹ"", ""ʌ"", ""s"", ""t""]"	"[""t"", ""ɹ"", ""ʌ"", ""s"", ""t""]"							3.3962335448580205	5.250850351954582	4.323541948406302	4	5		1	1	4	52								0	0	1			AH S T	4	1																
SOUND_0172	Sound	rhyme	1	train					cmusphinx/cmudict	cmudict:rime:AA-R-D	scarred	yard		"[""s"", ""k"", ""ɑ"", ""ɹ"", ""d""]"	"[""j"", ""ɑ"", ""ɹ"", ""d""]"							3.11850462660289	4.398960677724445	3.7587326521636677	5	4		1	1	3	253								0	0	1			AA R D	3	1																
SOUND_0173	Sound	rhyme	1	train					cmusphinx/cmudict	cmudict:rime:IH-L	shrill	swill		"[""ʃ"", ""ɹ"", ""ɪ"", ""l""]"	"[""s"", ""w"", ""ɪ"", ""l""]"							2.6726410656136697	2.982625903930577	2.8276334847721234	4	4		1	1	5	3								0	0	1			IH L	2	1																
SOUND_0174	Sound	rhyme	1	train					cmusphinx/cmudict	cmudict:rime:IH-NG-K	sink	think		"[""s"", ""ɪ"", ""ŋ"", ""k""]"	"[""θ"", ""ɪ"", ""ŋ"", ""k""]"							4.228440619617273	6.42997698247318	5.329208801045226	4	4		1	1	338	35496								0	0	1			IH NG K	3	1																
SOUND_0175	Sound	rhyme	1	train					cmusphinx/cmudict	cmudict:rime:AE-G	slag	wag		"[""s"", ""l"", ""æ"", ""ɡ""]"	"[""w"", ""æ"", ""ɡ""]"							2.883494430928563	2.7074031718728815	2.795448801400722	4	3		1	1	3	53								0	0	1			AE G	2	1																
SOUND_0176	Sound	rhyme	1	train					cmusphinx/cmudict	cmudict:rime:AO-R	soar	war		"[""s"", ""ɔ"", ""ɹ""]"	"[""w"", ""ɔ"", ""ɹ""]"							3.184524426592544	5.242405001731717	4.21346471416213	3	3		1	1	1	115								0	0	1			AO R	2	1																
SOUND_0177	Sound	rhyme	1	train					cmusphinx/cmudict	cmudict:rime:AW-T	spout	stout		"[""s"", ""p"", ""aʊ"", ""t""]"	"[""s"", ""t"", ""aʊ"", ""t""]"							3.0084331675368627	3.016705693502853	3.012569430519858	4	4		1	1	132	17								0	0	1		S	AW T	3	1																
SOUND_0178	Sound	rhyme	1	train					cmusphinx/cmudict	cmudict:rime:IY-L	squeal	teal		"[""s"", ""k"", ""w"", ""iː"", ""l""]"	"[""t"", ""iː"", ""l""]"							3.425968732272281	2.7074031718728815	3.0666859520725813	5	3		1	1	19	5								0	0	1			IY L	2	1																
SOUND_0179	Sound	rhyme	1	train					cmusphinx/cmudict	cmudict:rime:IH-N-T	squint	stint		"[""s"", ""k"", ""w"", ""ɪ"", ""n"", ""t""]"	"[""s"", ""t"", ""ɪ"", ""n"", ""t""]"							3.0	2.872213420518874	2.9361067102594367	6	5		1	1	1	0								0	0	1	unseen_phase1:stint	S	IH N T	4	1																
SOUND_0180	Sound	rhyme	1	train					cmusphinx/cmudict	cmudict:rime:AW-T	tout	trout		"[""t"", ""aʊ"", ""t""]"	"[""t"", ""ɹ"", ""aʊ"", ""t""]"							3.0327925133963074	3.604183684957818	3.3184880991770624	3	4		1	1	1	17								0	0	1		T	AW T	2	1																
SOUND_0181	Sound	unrelated	0	train					cmusphinx/cmudict	cmudict:formal-zero-shared-phone	adds	cur		"[""æ"", ""d"", ""z""]"	"[""k"", ""ɜː""]"							3.595625881322553	2.7837915177363364	3.1897086995294446	3	2		1	1	7	4								0	0	1				0	1																
SOUND_0182	Sound	unrelated	0	train					cmusphinx/cmudict	cmudict:formal-zero-shared-phone	adds	juke		"[""æ"", ""d"", ""z""]"	"[""d̠ʒ"", ""uː"", ""k""]"							3.595625881322553	2.6726410656136697	3.134133473468111	3	3		1	1	7	0								0	0	1	unseen_phase1:juke			0	1																
SOUND_0183	Sound	unrelated	0	train					cmusphinx/cmudict	cmudict:formal-zero-shared-phone	adds	of		"[""æ"", ""d"", ""z""]"	"[""ʌ"", ""v""]"							3.595625881322553	7.063604859921317	5.329615370621935	3	2		1	1	7	46590								0	0	1				0	1																
SOUND_0184	Sound	unrelated	0	train					cmusphinx/cmudict	cmudict:formal-zero-shared-phone	adds	out		"[""æ"", ""d"", ""z""]"	"[""aʊ"", ""t""]"							3.595625881322553	6.587184748893357	5.091405315107955	3	2		1	1	7	25469								0	0	1				0	1																
SOUND_0185	Sound	unrelated	0	train					cmusphinx/cmudict	cmudict:formal-zero-shared-phone	adds	pray		"[""æ"", ""d"", ""z""]"	"[""p"", ""ɹ"", ""eɪ""]"							3.595625881322553	4.558896719342306	4.077261300332429	3	3		1	1	7	44								0	0	1				0	1																
SOUND_0186	Sound	unrelated	0	train					cmusphinx/cmudict	cmudict:formal-zero-shared-phone	adds	pups		"[""æ"", ""d"", ""z""]"	"[""p"", ""ʌ"", ""p"", ""s""]"							3.595625881322553	2.9551876555836376	3.275406768453095	3	4		1	1	7	12								0	0	1				0	1																
SOUND_0187	Sound	unrelated	0	train					cmusphinx/cmudict	cmudict:formal-zero-shared-phone	adds	reps		"[""æ"", ""d"", ""z""]"	"[""ɹ"", ""ɛ"", ""p"", ""s""]"							3.595625881322553	2.9551876555836376	3.275406768453095	3	4		1	1	7	0								0	0	1	unseen_phase1:reps			0	1																
SOUND_0188	Sound	unrelated	0	train					cmusphinx/cmudict	cmudict:formal-zero-shared-phone	adds	slob		"[""æ"", ""d"", ""z""]"	"[""s"", ""l"", ""ɑ"", ""b""]"							3.595625881322553	3.5525012118871384	3.5740635466048456	3	4		1	1	7	4								0	0	1				0	1																
SOUND_0189	Sound	unrelated	0	train					cmusphinx/cmudict	cmudict:formal-zero-shared-phone	adds	tyke		"[""æ"", ""d"", ""z""]"	"[""t"", ""aɪ"", ""k""]"							3.595625881322553	2.723793588061051	3.159709734691802	3	3		1	1	7	18								0	0	1				0	1																
SOUND_0190	Sound	unrelated	0	train					cmusphinx/cmudict	cmudict:formal-zero-shared-phone	aim	nine		"[""eɪ"", ""m""]"	"[""n"", ""aɪ"", ""n""]"							4.172099029534117	4.829114496522994	4.500606763028555	2	3		1	1	31	2304								0	0	1				0	1																
SOUND_0191	Sound	unrelated	0	train					cmusphinx/cmudict	cmudict:formal-zero-shared-phone	arms	sash		"[""ɑ"", ""ɹ"", ""m"", ""z""]"	"[""s"", ""æ"", ""ʃ""]"							4.776729663248849	3.055857817465001	3.916293740356925	4	3		1	1	707	20								0	0	1				0	1																
SOUND_0192	Sound	unrelated	0	train					cmusphinx/cmudict	cmudict:formal-zero-shared-phone	barf	seal		"[""b"", ""ɑ"", ""ɹ"", ""f""]"	"[""s"", ""iː"", ""l""]"							3.2924298239020637	4.168647664493706	3.730538744197885	4	3		1	1	0	385								0	0	1	unseen_phase1:barf			0	1																
SOUND_0193	Sound	unrelated	0	train					cmusphinx/cmudict	cmudict:formal-zero-shared-phone	bark	nine		"[""b"", ""ɑ"", ""ɹ"", ""k""]"	"[""n"", ""aɪ"", ""n""]"							3.7395878552442827	4.829114496522994	4.284351175883638	4	3		1	1	393	2304								0	0	1				0	1																
SOUND_0194	Sound	unrelated	0	train					cmusphinx/cmudict	cmudict:formal-zero-shared-phone	bees	sash		"[""b"", ""iː"", ""z""]"	"[""s"", ""æ"", ""ʃ""]"							3.7269987279362624	3.055857817465001	3.3914282727006317	3	3		1	1	351	20								0	0	1				0	1																
SOUND_0195	Sound	unrelated	0	train					cmusphinx/cmudict	cmudict:formal-zero-shared-phone	bib	nursed		"[""b"", ""ɪ"", ""b""]"	"[""n"", ""ɜː"", ""s"", ""d""]"							2.6903698325741012	2.982625903930577	2.836497868252339	3	4		1	1	476	15								0	0	1				0	1																
SOUND_0196	Sound	unrelated	0	train					cmusphinx/cmudict	cmudict:formal-zero-shared-phone	bit	nine		"[""b"", ""ɪ"", ""t""]"	"[""n"", ""aɪ"", ""n""]"							5.3711403292303395	4.829114496522994	5.100127412876667	3	3		1	1	4676	2304								0	0	1				0	1																
SOUND_0197	Sound	unrelated	0	train					cmusphinx/cmudict	cmudict:formal-zero-shared-phone	blah	sash		"[""b"", ""l"", ""ɑ""]"	"[""s"", ""æ"", ""ʃ""]"							4.128753939608815	3.055857817465001	3.592305878536908	3	3		1	1	305	20								0	0	1				0	1																
SOUND_0198	Sound	unrelated	0	train					cmusphinx/cmudict	cmudict:formal-zero-shared-phone	blip	nursed		"[""b"", ""l"", ""ɪ"", ""p""]"	"[""n"", ""ɜː"", ""s"", ""d""]"							2.905213680621799	2.982625903930577	2.943919792276188	4	4		1	1	3	15								0	0	1				0	1																
SOUND_0199	Sound	unrelated	0	train					cmusphinx/cmudict	cmudict:formal-zero-shared-phone	bolts	nine		"[""b"", ""oʊ"", ""l"", ""t"", ""s""]"	"[""n"", ""aɪ"", ""n""]"							3.337752802688721	4.829114496522994	4.083433649605857	5	3		1	1	75	2304								0	0	1				0	1																
SOUND_0200	Sound	unrelated	0	train					cmusphinx/cmudict	cmudict:formal-zero-shared-phone	bop	germ		"[""b"", ""ɑ"", ""p""]"	"[""d̠ʒ"", ""ɜː"", ""m""]"							3.2655576775017625	3.098609797885951	3.1820837376938567	3	3		1	1	125	39								0	0	1				0	1																
SOUND_0201	Sound	unrelated	0	train					cmusphinx/cmudict	cmudict:formal-zero-shared-phone	borne	sash		"[""b"", ""ɔ"", ""ɹ"", ""n""]"	"[""s"", ""æ"", ""ʃ""]"							3.0084331675368627	3.055857817465001	3.032145492500932	4	3		1	1	0	20								0	0	1	unseen_phase1:borne			0	1																
SOUND_0202	Sound	unrelated	0	train					cmusphinx/cmudict	cmudict:formal-zero-shared-phone	borne	swells		"[""b"", ""ɔ"", ""ɹ"", ""n""]"	"[""s"", ""w"", ""ɛ"", ""l"", ""z""]"							3.0084331675368627	3.0777596589128304	3.0430964132248466	4	5		1	1	0	0								0	0	1	unseen_phase1:borne,swells			0	1																
SOUND_0203	Sound	unrelated	0	train					cmusphinx/cmudict	cmudict:formal-zero-shared-phone	botched	rim		"[""b"", ""ɑ"", ""t̠ʃ"", ""t""]"	"[""ɹ"", ""ɪ"", ""m""]"							3.055857817465001	3.38933983691012	3.2225988271875607	4	3		1	1	0	7								0	0	1	unseen_phase1:botched			0	1																
SOUND_0204	Sound	unrelated	0	train					cmusphinx/cmudict	cmudict:formal-zero-shared-phone	both	cast		"[""b"", ""oʊ"", ""θ""]"	"[""k"", ""æ"", ""s"", ""t""]"							5.470312467167388	4.364311831208189	4.917312149187788	3	4		1	1	2174	55								0	0	1				0	1																
SOUND_0205	Sound	unrelated	0	train					cmusphinx/cmudict	cmudict:formal-zero-shared-phone	both	clam		"[""b"", ""oʊ"", ""θ""]"	"[""k"", ""l"", ""æ"", ""m""]"							5.470312467167388	3.5934598195660445	4.531886143366716	3	4		1	1	2174	76								0	0	1				0	1																
SOUND_0206	Sound	unrelated	0	train					cmusphinx/cmudict	cmudict:formal-zero-shared-phone	both	clams		"[""b"", ""oʊ"", ""θ""]"	"[""k"", ""l"", ""æ"", ""m"", ""z""]"							5.470312467167388	3.4323089103033	4.451310688735344	3	5		1	1	2174	15								0	0	1				0	1																
SOUND_0207	Sound	unrelated	0	train					cmusphinx/cmudict	cmudict:formal-zero-shared-phone	both	clog		"[""b"", ""oʊ"", ""θ""]"	"[""k"", ""l"", ""ɑ"", ""ɡ""]"							5.470312467167388	2.905213680621799	4.187763073894594	3	4		1	1	2174	1								0	0	1				0	1																
SOUND_0208	Sound	unrelated	0	train					cmusphinx/cmudict	cmudict:formal-zero-shared-phone	both	dips		"[""b"", ""oʊ"", ""θ""]"	"[""d"", ""ɪ"", ""p"", ""s""]"							5.470312467167388	2.7975798022219696	4.133946134694678	3	4		1	1	2174	4								0	0	1				0	1																
SOUND_0209	Sound	unrelated	0	train					cmusphinx/cmudict	cmudict:formal-zero-shared-phone	both	drive		"[""b"", ""oʊ"", ""θ""]"	"[""d"", ""ɹ"", ""aɪ"", ""v""]"							5.470312467167388	5.185080857779364	5.327696662473376	3	4		1	1	2174	1798								0	0	1				0	1																
SOUND_0210	Sound	unrelated	0	train					cmusphinx/cmudict	cmudict:formal-zero-shared-phone	both	drugs		"[""b"", ""oʊ"", ""θ""]"	"[""d"", ""ɹ"", ""ʌ"", ""ɡ"", ""z""]"							5.470312467167388	4.684070527394452	5.07719149728092	3	5		1	1	2174	14								0	0	1				0	1																
SOUND_0211	Sound	unrelated	0	train					cmusphinx/cmudict	cmudict:formal-zero-shared-phone	both	end		"[""b"", ""oʊ"", ""θ""]"	"[""ɛ"", ""n"", ""d""]"							5.470312467167388	5.424657484635431	5.44748497590141	3	3		1	1	2174	2089								0	0	1				0	1																
SOUND_0212	Sound	unrelated	0	train					cmusphinx/cmudict	cmudict:formal-zero-shared-phone	both	fees		"[""b"", ""oʊ"", ""θ""]"	"[""f"", ""iː"", ""z""]"							5.470312467167388	3.4507923159973135	4.46055239158235	3	3		1	1	2174	4								0	0	1				0	1																
SOUND_0213	Sound	unrelated	0	train					cmusphinx/cmudict	cmudict:formal-zero-shared-phone	both	flops		"[""b"", ""oʊ"", ""θ""]"	"[""f"", ""l"", ""ɑ"", ""p"", ""s""]"							5.470312467167388	2.7074031718728815	4.088857819520134	3	5		1	1	2174	19								0	0	1				0	1																
SOUND_0214	Sound	unrelated	0	train					cmusphinx/cmudict	cmudict:formal-zero-shared-phone	both	fruits		"[""b"", ""oʊ"", ""θ""]"	"[""f"", ""ɹ"", ""uː"", ""t"", ""s""]"							5.470312467167388	3.4477658613671256	4.459039164267256	3	5		1	1	2174	92								0	0	1				0	1																
SOUND_0215	Sound	unrelated	0	train					cmusphinx/cmudict	cmudict:formal-zero-shared-phone	both	funds		"[""b"", ""oʊ"", ""θ""]"	"[""f"", ""ʌ"", ""n"", ""d"", ""z""]"							5.470312467167388	3.8200597247734023	4.645186095970395	3	5		1	1	2174	5								0	0	1				0	1																
SOUND_0216	Sound	unrelated	0	train					cmusphinx/cmudict	cmudict:formal-zero-shared-phone	both	gems		"[""b"", ""oʊ"", ""θ""]"	"[""d̠ʒ"", ""ɛ"", ""m"", ""z""]"							5.470312467167388	2.935882500388251	4.203097483777819	3	4		1	1	2174	2								0	0	1				0	1																
SOUND_0217	Sound	unrelated	0	train					cmusphinx/cmudict	cmudict:formal-zero-shared-phone	both	gulp		"[""b"", ""oʊ"", ""θ""]"	"[""ɡ"", ""ʌ"", ""l"", ""p""]"							5.470312467167388	2.9913998282380825	4.2308561477027355	3	4		1	1	2174	210								0	0	1				0	1																
SOUND_0218	Sound	unrelated	0	train					cmusphinx/cmudict	cmudict:formal-zero-shared-phone	both	hips		"[""b"", ""oʊ"", ""θ""]"	"[""h"", ""ɪ"", ""p"", ""s""]"							5.470312467167388	3.7823883033268983	4.626350385247143	3	4		1	1	2174	10								0	0	1				0	1																
SOUND_0219	Sound	unrelated	0	train					cmusphinx/cmudict	cmudict:formal-zero-shared-phone	both	hiss		"[""b"", ""oʊ"", ""θ""]"	"[""h"", ""ɪ"", ""s""]"							5.470312467167388	2.9645276818377813	4.217420074502584	3	3		1	1	2174	35								0	0	1				0	1																
SOUND_0220	Sound	unrelated	0	train					cmusphinx/cmudict	cmudict:formal-zero-shared-phone	both	jest		"[""b"", ""oʊ"", ""θ""]"	"[""d̠ʒ"", ""ɛ"", ""s"", ""t""]"							5.470312467167388	3.1249387366083	4.2976256018878445	3	4		1	1	2174	2								0	0	1				0	1																
SOUND_0221	Sound	unrelated	0	train					cmusphinx/cmudict	cmudict:formal-zero-shared-phone	both	jugs		"[""b"", ""oʊ"", ""θ""]"	"[""d̠ʒ"", ""ʌ"", ""ɡ"", ""z""]"							5.470312467167388	3.0777596589128304	4.274036063040109	3	4		1	1	2174	9								0	0	1				0	1																
SOUND_0222	Sound	unrelated	0	train					cmusphinx/cmudict	cmudict:formal-zero-shared-phone	both	jump		"[""b"", ""oʊ"", ""θ""]"	"[""d̠ʒ"", ""ʌ"", ""m"", ""p""]"							5.470312467167388	4.844001797576317	5.157157132371853	3	4		1	1	2174	2805								0	0	1				0	1																
SOUND_0223	Sound	unrelated	0	train					cmusphinx/cmudict	cmudict:formal-zero-shared-phone	both	keeps		"[""b"", ""oʊ"", ""θ""]"	"[""k"", ""iː"", ""p"", ""s""]"							5.470312467167388	4.720726637884943	5.095519552526166	3	4		1	1	2174	442								0	0	1				0	1																
SOUND_0224	Sound	unrelated	0	train					cmusphinx/cmudict	cmudict:formal-zero-shared-phone	both	lan		"[""b"", ""oʊ"", ""θ""]"	"[""l"", ""æ"", ""n""]"							5.470312467167388	3.912565878875821	4.691439173021605	3	3		1	1	2174	2								0	0	1				0	1																
SOUND_0225	Sound	unrelated	0	train					cmusphinx/cmudict	cmudict:formal-zero-shared-phone	both	makes		"[""b"", ""oʊ"", ""θ""]"	"[""m"", ""eɪ"", ""k"", ""s""]"							5.470312467167388	5.382193678393753	5.42625307278057	3	4		1	1	2174	2527								0	0	1				0	1																
SOUND_0226	Sound	unrelated	0	train					cmusphinx/cmudict	cmudict:formal-zero-shared-phone	both	moms		"[""b"", ""oʊ"", ""θ""]"	"[""m"", ""ɑ"", ""m"", ""z""]"							5.470312467167388	3.676245189882495	4.573278828524941	3	4		1	1	2174	64								0	0	1				0	1																
SOUND_0227	Sound	unrelated	0	train					cmusphinx/cmudict	cmudict:formal-zero-shared-phone	both	ni		"[""b"", ""oʊ"", ""θ""]"	"[""n"", ""aɪ""]"							5.470312467167388	3.1497623203333323	4.31003739375036	3	2		1	1	2174	115								0	0	1				0	1																
SOUND_0228	Sound	unrelated	0	train					cmusphinx/cmudict	cmudict:formal-zero-shared-phone	both	oils		"[""b"", ""oʊ"", ""θ""]"	"[""ɔɪ"", ""l"", ""z""]"							5.470312467167388	3.1249387366083	4.2976256018878445	3	3		1	1	2174	0								0	0	1	unseen_phase1:oils			0	1																
SOUND_0229	Sound	unrelated	0	train					cmusphinx/cmudict	cmudict:formal-zero-shared-phone	both	pi		"[""b"", ""oʊ"", ""θ""]"	"[""p"", ""aɪ""]"							5.470312467167388	3.5642714304385628	4.517291948802976	3	2		1	1	2174	31								0	0	1				0	1																
SOUND_0230	Sound	unrelated	0	train					cmusphinx/cmudict	cmudict:formal-zero-shared-phone	both	prep		"[""b"", ""oʊ"", ""θ""]"	"[""p"", ""ɹ"", ""ɛ"", ""p""]"							5.470312467167388	3.8778905534105643	4.674101510288976	3	4		1	1	2174	0								0	0	1	unseen_phase1:prep			0	1																
SOUND_0231	Sound	unrelated	0	train					cmusphinx/cmudict	cmudict:formal-zero-shared-phone	both	rink		"[""b"", ""oʊ"", ""θ""]"	"[""ɹ"", ""ɪ"", ""ŋ"", ""k""]"							5.470312467167388	3.329856321842687	4.400084394505038	3	4		1	1	2174	9								0	0	1				0	1																
SOUND_0232	Sound	unrelated	0	train					cmusphinx/cmudict	cmudict:formal-zero-shared-phone	both	sharp		"[""b"", ""oʊ"", ""θ""]"	"[""ʃ"", ""ɑ"", ""ɹ"", ""p""]"							5.470312467167388	4.376290624768637	4.9233015459680125	3	4		1	1	2174	587								0	0	1				0	1																
SOUND_0233	Sound	unrelated	0	train					cmusphinx/cmudict	cmudict:formal-zero-shared-phone	both	shrunk		"[""b"", ""oʊ"", ""θ""]"	"[""ʃ"", ""ɹ"", ""ʌ"", ""ŋ"", ""k""]"							5.470312467167388	3.190056915192505	4.330184691179946	3	5		1	1	2174	29								0	0	1				0	1																
SOUND_0234	Sound	unrelated	0	train					cmusphinx/cmudict	cmudict:formal-zero-shared-phone	both	spun		"[""b"", ""oʊ"", ""θ""]"	"[""s"", ""p"", ""ʌ"", ""n""]"							5.470312467167388	3.226928275145631	4.3486203711565095	3	4		1	1	2174	13								0	0	1				0	1																
SOUND_0235	Sound	unrelated	0	train					cmusphinx/cmudict	cmudict:formal-zero-shared-phone	both	state		"[""b"", ""oʊ"", ""θ""]"	"[""s"", ""t"", ""eɪ"", ""t""]"							5.470312467167388	5.032792513396307	5.251552490281847	3	4		1	1	2174	258								0	0	1				0	1																
SOUND_0236	Sound	unrelated	0	train					cmusphinx/cmudict	cmudict:formal-zero-shared-phone	both	stops		"[""b"", ""oʊ"", ""θ""]"	"[""s"", ""t"", ""ɑ"", ""p"", ""s""]"							5.470312467167388	4.338534611148102	4.9044235391577455	3	5		1	1	2174	141								0	0	1				0	1																
SOUND_0237	Sound	unrelated	0	train					cmusphinx/cmudict	cmudict:formal-zero-shared-phone	both	surf		"[""b"", ""oʊ"", ""θ""]"	"[""s"", ""ɜː"", ""f""]"							5.470312467167388	3.8029748341086758	4.636643650638032	3	3		1	1	2174	29								0	0	1				0	1																
SOUND_0238	Sound	unrelated	0	train					cmusphinx/cmudict	cmudict:formal-zero-shared-phone	both	swell		"[""b"", ""oʊ"", ""θ""]"	"[""s"", ""w"", ""ɛ"", ""l""]"							5.470312467167388	4.318145207803404	4.894228837485397	3	4		1	1	2174	18								0	0	1				0	1																
SOUND_0239	Sound	unrelated	0	train					cmusphinx/cmudict	cmudict:formal-zero-shared-phone	both	tar		"[""b"", ""oʊ"", ""θ""]"	"[""t"", ""ɑ"", ""ɹ""]"							5.470312467167388	3.4965498065579883	4.483431136862688	3	3		1	1	2174	28								0	0	1				0	1																
SOUND_0240	Sound	unrelated	0	train					cmusphinx/cmudict	cmudict:formal-zero-shared-phone	both	tides		"[""b"", ""oʊ"", ""θ""]"	"[""t"", ""aɪ"", ""d"", ""z""]"							5.470312467167388	3.195519810894007	4.332916139030697	3	4		1	1	2174	0								0	0	1	unseen_phase1:tides			0	1																
SOUND_0241	Sound	unrelated	0	train					cmusphinx/cmudict	cmudict:formal-zero-shared-phone	bran	germ		"[""b"", ""ɹ"", ""æ"", ""n""]"	"[""d̠ʒ"", ""ɜː"", ""m""]"							3.11850462660289	3.098609797885951	3.1085572122444205	4	3		1	1	69	39								0	0	1				0	1																
SOUND_0242	Sound	unrelated	0	train					cmusphinx/cmudict	cmudict:formal-zero-shared-phone	brand	germ		"[""b"", ""ɹ"", ""æ"", ""n"", ""d""]"	"[""d̠ʒ"", ""ɜː"", ""m""]"							4.14490981753892	3.098609797885951	3.6217598077124356	5	3		1	1	142	39								0	0	1				0	1																
SOUND_0243	Sound	unrelated	0	train					cmusphinx/cmudict	cmudict:formal-zero-shared-phone	buds	sash		"[""b"", ""ʌ"", ""d"", ""z""]"	"[""s"", ""æ"", ""ʃ""]"							3.2466723333413885	3.055857817465001	3.151265075403195	4	3		1	1	18	20								0	0	1				0	1																
SOUND_0244	Sound	unrelated	0	train					cmusphinx/cmudict	cmudict:formal-zero-shared-phone	buy	swank		"[""b"", ""aɪ""]"	"[""s"", ""w"", ""æ"", ""ŋ"", ""k""]"							5.2842758775469605	2.6726410656136697	3.978458471580315	2	5		1	1	2776	0								0	0	1	unseen_phase1:swank			0	1																
SOUND_0245	Sound	unrelated	0	train					cmusphinx/cmudict	cmudict:formal-zero-shared-phone	camp	swells		"[""k"", ""æ"", ""m"", ""p""]"	"[""s"", ""w"", ""ɛ"", ""l"", ""z""]"							4.7094029965051	3.0777596589128304	3.893581327708965	4	5		1	1	224	0								0	0	1	unseen_phase1:swells			0	1																
SOUND_0246	Sound	unrelated	0	train					cmusphinx/cmudict	cmudict:formal-zero-shared-phone	card	swells		"[""k"", ""ɑ"", ""ɹ"", ""d""]"	"[""s"", ""w"", ""ɛ"", ""l"", ""z""]"							4.931617383837818	3.0777596589128304	4.004688521375324	4	5		1	1	658	0								0	0	1	unseen_phase1:swells			0	1																
SOUND_0247	Sound	unrelated	0	train					cmusphinx/cmudict	cmudict:formal-zero-shared-phone	cent	germ		"[""s"", ""ɛ"", ""n"", ""t""]"	"[""d̠ʒ"", ""ɜː"", ""m""]"							3.976376954653576	3.098609797885951	3.5374933762697633	4	3		1	1	29	39								0	0	1				0	1																
SOUND_0248	Sound	unrelated	0	train					cmusphinx/cmudict	cmudict:formal-zero-shared-phone	chime	swank		"[""t̠ʃ"", ""aɪ"", ""m""]"	"[""s"", ""w"", ""æ"", ""ŋ"", ""k""]"							2.9645276818377813	2.6726410656136697	2.8185843737257255	3	5		1	1	7	0								0	0	1	unseen_phase1:swank			0	1																
SOUND_0249	Sound	unrelated	0	train					cmusphinx/cmudict	cmudict:formal-zero-shared-phone	clasp	nine		"[""k"", ""l"", ""æ"", ""s"", ""p""]"	"[""n"", ""aɪ"", ""n""]"							3.0084331675368627	4.829114496522994	3.9187738320299284	5	3		1	1	0	2304								0	0	1	unseen_phase1:clasp			0	1																
SOUND_0250	Sound	unrelated	0	train					cmusphinx/cmudict	cmudict:formal-zero-shared-phone	clicked	germ		"[""k"", ""l"", ""ɪ"", ""k"", ""t""]"	"[""d̠ʒ"", ""ɜː"", ""m""]"							3.0248235837250323	3.098609797885951	3.0617166908054916	5	3		1	1	4	39								0	0	1				0	1																
SOUND_0251	Sound	unrelated	0	train					cmusphinx/cmudict	cmudict:formal-zero-shared-phone	clock	nine		"[""k"", ""l"", ""ɑ"", ""k""]"	"[""n"", ""aɪ"", ""n""]"							4.768101012226493	4.829114496522994	4.798607754374744	4	3		1	1	1526	2304								0	0	1				0	1																
SOUND_0252	Sound	unrelated	0	train					cmusphinx/cmudict	cmudict:formal-zero-shared-phone	clones	germ		"[""k"", ""l"", ""oʊ"", ""n"", ""z""]"	"[""d̠ʒ"", ""ɜː"", ""m""]"							2.9456423376774072	3.098609797885951	3.022126067781679	5	3		1	1	0	39								0	0	1	unseen_phase1:clones			0	1																
SOUND_0253	Sound	unrelated	0	train					cmusphinx/cmudict	cmudict:formal-zero-shared-phone	club	sash		"[""k"", ""l"", ""ʌ"", ""b""]"	"[""s"", ""æ"", ""ʃ""]"							4.994687987064157	3.055857817465001	4.025272902264579	4	3		1	1	146	20								0	0	1				0	1																
SOUND_0254	Sound	unrelated	0	train					cmusphinx/cmudict	cmudict:formal-zero-shared-phone	cones	sash		"[""k"", ""oʊ"", ""n"", ""z""]"	"[""s"", ""æ"", ""ʃ""]"							3.0777596589128304	3.055857817465001	3.0668087381889158	4	3		1	1	102	20								0	0	1				0	1																
SOUND_0255	Sound	unrelated	0	train					cmusphinx/cmudict	cmudict:formal-zero-shared-phone	cops	nine		"[""k"", ""ɑ"", ""p"", ""s""]"	"[""n"", ""aɪ"", ""n""]"							4.924887116086788	4.829114496522994	4.877000806304891	4	3		1	1	35	2304								0	0	1				0	1																
SOUND_0256	Sound	unrelated	0	train					cmusphinx/cmudict	cmudict:formal-zero-shared-phone	crust	germ		"[""k"", ""ɹ"", ""ʌ"", ""s"", ""t""]"	"[""d̠ʒ"", ""ɜː"", ""m""]"							3.5125379119421187	3.098609797885951	3.3055738549140345	5	3		1	1	128	39								0	0	1				0	1																
SOUND_0257	Sound	unrelated	0	train					cmusphinx/cmudict	cmudict:formal-zero-shared-phone	cube	seal		"[""k"", ""j"", ""uː"", ""b""]"	"[""s"", ""iː"", ""l""]"							3.4742734118468364	4.168647664493706	3.821460538170271	4	3		1	1	153	385								0	0	1				0	1																
SOUND_0258	Sound	unrelated	0	train					cmusphinx/cmudict	cmudict:formal-zero-shared-phone	d	swank		"[""d"", ""iː""]"	"[""s"", ""w"", ""æ"", ""ŋ"", ""k""]"							6.298189295733761	2.6726410656136697	4.485415180673716	2	5		1	1	2065	0								0	0	1	unseen_phase1:swank			0	1																
SOUND_0259	Sound	unrelated	0	train					cmusphinx/cmudict	cmudict:formal-zero-shared-phone	deem	swells		"[""d"", ""iː"", ""m""]"	"[""s"", ""w"", ""ɛ"", ""l"", ""z""]"							2.769551078621726	3.0777596589128304	2.923655368767278	3	5		1	1	4	0								0	0	1	unseen_phase1:swells			0	1																
SOUND_0260	Sound	unrelated	0	train					cmusphinx/cmudict	cmudict:formal-zero-shared-phone	der	swells		"[""d"", ""ɛ"", ""ɹ""]"	"[""s"", ""w"", ""ɛ"", ""l"", ""z""]"							3.4771212547196626	3.0777596589128304	3.2774404568162465	2	5		1	1	220	0								0	0	1	unseen_phase1:swells			0	1																
SOUND_0261	Sound	unrelated	0	train					cmusphinx/cmudict	cmudict:formal-zero-shared-phone	desks	germ		"[""d"", ""ɛ"", ""s"", ""k"", ""s""]"	"[""d̠ʒ"", ""ɜː"", ""m""]"							3.0248235837250323	3.098609797885951	3.0617166908054916	5	3		1	1	21	39								0	0	1				0	1																
SOUND_0262	Sound	unrelated	0	train					cmusphinx/cmudict	cmudict:formal-zero-shared-phone	dined	germ		"[""d"", ""aɪ"", ""n"", ""d""]"	"[""d̠ʒ"", ""ɜː"", ""m""]"							2.9456423376774072	3.098609797885951	3.022126067781679	4	3		1	1	0	39								0	0	1	unseen_phase1:dined			0	1																
SOUND_0263	Sound	unrelated	0	train					cmusphinx/cmudict	cmudict:formal-zero-shared-phone	doped	germ		"[""d"", ""oʊ"", ""p"", ""t""]"	"[""d̠ʒ"", ""ɜː"", ""m""]"							2.935882500388251	3.098609797885951	3.017246149137101	4	3		1	1	0	39								0	0	1	unseen_phase1:doped			0	1																
SOUND_0264	Sound	unrelated	0	train					cmusphinx/cmudict	cmudict:formal-zero-shared-phone	downed	sash		"[""d"", ""aʊ"", ""n"", ""d""]"	"[""s"", ""æ"", ""ʃ""]"							3.0248235837250323	3.055857817465001	3.0403407005950167	4	3		1	1	2	20								0	0	1				0	1																
SOUND_0265	Sound	unrelated	0	train					cmusphinx/cmudict	cmudict:formal-zero-shared-phone	downed	swells		"[""d"", ""aʊ"", ""n"", ""d""]"	"[""s"", ""w"", ""ɛ"", ""l"", ""z""]"							3.0248235837250323	3.0777596589128304	3.0512916213189314	4	5		1	1	2	0								0	0	1	unseen_phase1:swells			0	1																
SOUND_0266	Sound	unrelated	0	train					cmusphinx/cmudict	cmudict:formal-zero-shared-phone	drag	nine		"[""d"", ""ɹ"", ""æ"", ""ɡ""]"	"[""n"", ""aɪ"", ""n""]"							4.422441773573968	4.829114496522994	4.625778135048481	4	3		1	1	127	2304								0	0	1				0	1																
SOUND_0267	Sound	unrelated	0	train					cmusphinx/cmudict	cmudict:formal-zero-shared-phone	dredge	swank		"[""d"", ""ɹ"", ""ɛ"", ""d̠ʒ""]"	"[""s"", ""w"", ""æ"", ""ŋ"", ""k""]"							2.6726410656136697	2.6726410656136697	2.6726410656136697	4	5		1	1	0	0								0	0	1	unseen_phase1:dredge,swank			0	1																
SOUND_0268	Sound	unrelated	0	train					cmusphinx/cmudict	cmudict:formal-zero-shared-phone	earns	swank		"[""ɜː"", ""n"", ""z""]"	"[""s"", ""w"", ""æ"", ""ŋ"", ""k""]"							2.982625903930577	2.6726410656136697	2.8276334847721234	3	5		1	1	1	0								0	0	1	unseen_phase1:swank			0	1																
SOUND_0269	Sound	unrelated	0	train					cmusphinx/cmudict	cmudict:formal-zero-shared-phone	eyed	germ		"[""aɪ"", ""d""]"	"[""d̠ʒ"", ""ɜː"", ""m""]"							2.872213420518874	3.098609797885951	2.985411609202412	2	3		1	1	65	39								0	0	1				0	1																
SOUND_0270	Sound	unrelated	0	train					cmusphinx/cmudict	cmudict:formal-zero-shared-phone	faire	swank		"[""f"", ""ɛ"", ""ɹ""]"	"[""s"", ""w"", ""æ"", ""ŋ"", ""k""]"							2.8109437637799513	2.6726410656136697	2.7417924146968105	3	5		1	1	0	0								0	0	1	unseen_phase1:faire,swank			0	1																
SOUND_0271	Sound	unrelated	0	train					cmusphinx/cmudict	cmudict:formal-zero-shared-phone	falls	nine		"[""f"", ""ɔ"", ""l"", ""z""]"	"[""n"", ""aɪ"", ""n""]"							4.40670712046365	4.829114496522994	4.617910808493322	4	3		1	1	419	2304								0	0	1				0	1																
SOUND_0272	Sound	unrelated	0	train					cmusphinx/cmudict	cmudict:formal-zero-shared-phone	fart	germ		"[""f"", ""ɑ"", ""ɹ"", ""t""]"	"[""d̠ʒ"", ""ɜː"", ""m""]"							3.8083036676137425	3.098609797885951	3.4534567327498467	4	3		1	1	54	39								0	0	1				0	1																
SOUND_0273	Sound	unrelated	0	train					cmusphinx/cmudict	cmudict:formal-zero-shared-phone	fats	nine		"[""f"", ""æ"", ""t"", ""s""]"	"[""n"", ""aɪ"", ""n""]"							2.973671061277651	4.829114496522994	3.9013927789003224	4	3		1	1	5	2304								0	0	1				0	1																
SOUND_0274	Sound	unrelated	0	train					cmusphinx/cmudict	cmudict:formal-zero-shared-phone	garde	swank		"[""ɡ"", ""ɑ"", ""ɹ"", ""d""]"	"[""s"", ""w"", ""æ"", ""ŋ"", ""k""]"							2.982625903930577	2.6726410656136697	2.8276334847721234	4	5		1	1	1	0								0	0	1	unseen_phase1:swank			0	1																
SOUND_0275	Sound	unrelated	0	train					cmusphinx/cmudict	cmudict:formal-zero-shared-phone	germ	got		"[""d̠ʒ"", ""ɜː"", ""m""]"	"[""ɡ"", ""ɑ"", ""t""]"							3.098609797885951	6.519367239335374	4.808988518610662	3	3		1	1	39	27606								0	0	1				0	1																
SOUND_0276	Sound	unrelated	0	train					cmusphinx/cmudict	cmudict:formal-zero-shared-phone	germ	highs		"[""d̠ʒ"", ""ɜː"", ""m""]"	"[""h"", ""aɪ"", ""z""]"							3.098609797885951	2.8364978682523394	2.967553833069145	3	3		1	1	39	0								0	0	1	unseen_phase1:highs			0	1																
SOUND_0277	Sound	unrelated	0	train					cmusphinx/cmudict	cmudict:formal-zero-shared-phone	germ	lore		"[""d̠ʒ"", ""ɜː"", ""m""]"	"[""l"", ""ɔ"", ""ɹ""]"							3.098609797885951	2.8239087409443187	2.9612592694151347	3	3		1	1	39	2								0	0	1				0	1																
SOUND_0278	Sound	unrelated	0	train					cmusphinx/cmudict	cmudict:formal-zero-shared-phone	germ	pips		"[""d̠ʒ"", ""ɜː"", ""m""]"	"[""p"", ""ɪ"", ""p"", ""s""]"							3.098609797885951	3.040617850908264	3.0696138243971074	3	4		1	1	39	0								0	0	1	unseen_phase1:pips			0	1																
SOUND_0279	Sound	unrelated	0	train					cmusphinx/cmudict	cmudict:formal-zero-shared-phone	germ	plop		"[""d̠ʒ"", ""ɜː"", ""m""]"	"[""p"", ""l"", ""ɑ"", ""p""]"							3.098609797885951	2.9258982794816504	3.0122540386838006	3	4		1	1	39	91								0	0	1				0	1																
SOUND_0280	Sound	unrelated	0	train					cmusphinx/cmudict	cmudict:formal-zero-shared-phone	germ	poise		"[""d̠ʒ"", ""ɜː"", ""m""]"	"[""p"", ""ɔɪ"", ""z""]"							3.098609797885951	3.040617850908264	3.0696138243971074	3	3		1	1	39	1								0	0	1				0	1																
SOUND_0281	Sound	unrelated	0	train					cmusphinx/cmudict	cmudict:formal-zero-shared-phone	germ	quad		"[""d̠ʒ"", ""ɜː"", ""m""]"	"[""k"", ""w"", ""ɑ"", ""d""]"							3.098609797885951	3.190056915192505	3.144333356539228	3	4		1	1	39	1								0	0	1				0	1																
SOUND_0282	Sound	unrelated	0	train					cmusphinx/cmudict	cmudict:formal-zero-shared-phone	germ	rots		"[""d̠ʒ"", ""ɜː"", ""m""]"	"[""ɹ"", ""ɑ"", ""t"", ""s""]"							3.098609797885951	2.935882500388251	3.017246149137101	3	4		1	1	39	1								0	0	1				0	1																
SOUND_0283	Sound	unrelated	0	train					cmusphinx/cmudict	cmudict:formal-zero-shared-phone	germ	scones		"[""d̠ʒ"", ""ɜː"", ""m""]"	"[""s"", ""k"", ""oʊ"", ""n"", ""z""]"							3.098609797885951	2.894489815230026	2.9965498065579883	3	5		1	1	39	0								0	0	1	unseen_phase1:scones			0	1																
SOUND_0284	Sound	unrelated	0	train					cmusphinx/cmudict	cmudict:formal-zero-shared-phone	germ	sized		"[""d̠ʒ"", ""ɜː"", ""m""]"	"[""s"", ""aɪ"", ""z"", ""d""]"							3.098609797885951	2.7975798022219696	2.94809480005396	3	4		1	1	39	49								0	0	1				0	1																
SOUND_0285	Sound	unrelated	0	train					cmusphinx/cmudict	cmudict:formal-zero-shared-phone	germ	slugs		"[""d̠ʒ"", ""ɜː"", ""m""]"	"[""s"", ""l"", ""ʌ"", ""ɡ"", ""z""]"							3.098609797885951	3.256217651247619	3.177413724566785	3	5		1	1	39	11								0	0	1				0	1																
SOUND_0286	Sound	unrelated	0	train					cmusphinx/cmudict	cmudict:formal-zero-shared-phone	germ	sort		"[""d̠ʒ"", ""ɜː"", ""m""]"	"[""s"", ""ɔ"", ""ɹ"", ""t""]"							3.098609797885951	5.172328148232074	4.135468973059012	3	4		1	1	39	889								0	0	1				0	1																
SOUND_0287	Sound	unrelated	0	train					cmusphinx/cmudict	cmudict:formal-zero-shared-phone	germ	spiked		"[""d̠ʒ"", ""ɜː"", ""m""]"	"[""s"", ""p"", ""aɪ"", ""k"", ""t""]"							3.098609797885951	3.131278914639319	3.114944356262635	3	5		1	1	39	5								0	0	1				0	1																
SOUND_0288	Sound	unrelated	0	train					cmusphinx/cmudict	cmudict:formal-zero-shared-phone	germ	stud		"[""d̠ʒ"", ""ɜː"", ""m""]"	"[""s"", ""t"", ""ʌ"", ""d""]"							3.098609797885951	3.8414330859278514	3.4700214419069013	3	4		1	1	39	0								0	0	1	unseen_phase1:stud			0	1																
SOUND_0289	Sound	unrelated	0	train					cmusphinx/cmudict	cmudict:formal-zero-shared-phone	germ	swill		"[""d̠ʒ"", ""ɜː"", ""m""]"	"[""s"", ""w"", ""ɪ"", ""l""]"							3.098609797885951	2.982625903930577	3.040617850908264	3	4		1	1	39	3								0	0	1				0	1																
SOUND_0290	Sound	unrelated	0	train					cmusphinx/cmudict	cmudict:formal-zero-shared-phone	germ	tens		"[""d̠ʒ"", ""ɜː"", ""m""]"	"[""t"", ""ɛ"", ""n"", ""z""]"							3.098609797885951	3.349334675238536	3.2239722365622434	3	4		1	1	39	9								0	0	1				0	1																
SOUND_0291	Sound	unrelated	0	train					cmusphinx/cmudict	cmudict:formal-zero-shared-phone	germ	thefts		"[""d̠ʒ"", ""ɜː"", ""m""]"	"[""θ"", ""ɛ"", ""f"", ""t"", ""s""]"							3.098609797885951	2.7395878552442827	2.9190988265651168	3	5		1	1	39	0								0	0	1	unseen_phase1:thefts			0	1																
SOUND_0292	Sound	unrelated	0	train					cmusphinx/cmudict	cmudict:formal-zero-shared-phone	germ	tits		"[""d̠ʒ"", ""ɜː"", ""m""]"	"[""t"", ""ɪ"", ""t"", ""s""]"							3.098609797885951	4.08969736473278	3.5941535813093655	3	4		1	1	39	0								0	0	1	unseen_phase1:tits			0	1																
SOUND_0293	Sound	unrelated	0	train					cmusphinx/cmudict	cmudict:formal-zero-shared-phone	germ	towed		"[""d̠ʒ"", ""ɜː"", ""m""]"	"[""t"", ""oʊ"", ""d""]"							3.098609797885951	3.105343180544919	3.101976489215435	3	3		1	1	39	5								0	0	1				0	1																
SOUND_0294	Sound	unrelated	0	train					cmusphinx/cmudict	cmudict:formal-zero-shared-phone	germ	wails		"[""d̠ʒ"", ""ɜː"", ""m""]"	"[""w"", ""eɪ"", ""l"", ""z""]"							3.098609797885951	2.9456423376774072	3.022126067781679	3	4		1	1	39	0								0	0	1	unseen_phase1:wails			0	1																
SOUND_0295	Sound	unrelated	0	train					cmusphinx/cmudict	cmudict:formal-zero-shared-phone	germ	waxed		"[""d̠ʒ"", ""ɜː"", ""m""]"	"[""w"", ""æ"", ""k"", ""s"", ""t""]"							3.098609797885951	3.131278914639319	3.114944356262635	3	5		1	1	39	3								0	0	1				0	1																
SOUND_0296	Sound	unrelated	0	train					cmusphinx/cmudict	cmudict:formal-zero-shared-phone	germ	webs		"[""d̠ʒ"", ""ɜː"", ""m""]"	"[""w"", ""ɛ"", ""b"", ""z""]"							3.098609797885951	2.7395878552442827	2.9190988265651168	3	4		1	1	39	35								0	0	1				0	1																
SOUND_0297	Sound	unrelated	0	train					cmusphinx/cmudict	cmudict:formal-zero-shared-phone	germ	zones		"[""d̠ʒ"", ""ɜː"", ""m""]"	"[""z"", ""oʊ"", ""n"", ""z""]"							3.098609797885951	3.2466723333413885	3.1726410656136697	3	4		1	1	39	0								0	0	1	unseen_phase1:zones			0	1																
SOUND_0298	Sound	unrelated	0	train					cmusphinx/cmudict	cmudict:formal-zero-shared-phone	glib	sash		"[""ɡ"", ""l"", ""ɪ"", ""b""]"	"[""s"", ""æ"", ""ʃ""]"							2.905213680621799	3.055857817465001	2.9805357490434004	4	3		1	1	0	20								0	0	1	unseen_phase1:glib			0	1																
SOUND_0299	Sound	unrelated	0	train					cmusphinx/cmudict	cmudict:formal-zero-shared-phone	glib	swank		"[""ɡ"", ""l"", ""ɪ"", ""b""]"	"[""s"", ""w"", ""æ"", ""ŋ"", ""k""]"							2.905213680621799	2.6726410656136697	2.788927373117734	4	5		1	1	0	0								0	0	1	unseen_phase1:glib,swank			0	1																
SOUND_0300	Sound	unrelated	0	train					cmusphinx/cmudict	cmudict:formal-zero-shared-phone	gorge	sash		"[""ɡ"", ""ɔ"", ""ɹ"", ""d̠ʒ""]"	"[""s"", ""æ"", ""ʃ""]"							3.11850462660289	3.055857817465001	3.0871812220339456	4	3		1	1	2	20								0	0	1				0	1																
SOUND_0301	Sound	unrelated	0	train					cmusphinx/cmudict	cmudict:formal-zero-shared-phone	groves	sash		"[""ɡ"", ""ɹ"", ""oʊ"", ""v"", ""z""]"	"[""s"", ""æ"", ""ʃ""]"							3.070581074285707	3.055857817465001	3.063219445875354	5	3		1	1	1	20								0	0	1				0	1																
SOUND_0302	Sound	unrelated	0	train					cmusphinx/cmudict	cmudict:formal-zero-shared-phone	guile	sash		"[""ɡ"", ""aɪ"", ""l""]"	"[""s"", ""æ"", ""ʃ""]"							3.0084331675368627	3.055857817465001	3.032145492500932	3	3		1	1	0	20								0	0	1	unseen_phase1:guile			0	1																
SOUND_0303	Sound	unrelated	0	train					cmusphinx/cmudict	cmudict:formal-zero-shared-phone	gunned	sash		"[""ɡ"", ""ʌ"", ""n"", ""d""]"	"[""s"", ""æ"", ""ʃ""]"							3.0777596589128304	3.055857817465001	3.0668087381889158	4	3		1	1	0	20								0	0	1	unseen_phase1:gunned			0	1																
SOUND_0304	Sound	unrelated	0	train					cmusphinx/cmudict	cmudict:formal-zero-shared-phone	gush	swank		"[""ɡ"", ""ʌ"", ""ʃ""]"	"[""s"", ""w"", ""æ"", ""ŋ"", ""k""]"							2.848732324669351	2.6726410656136697	2.7606866951415103	3	5		1	1	6	0								0	0	1	unseen_phase1:swank			0	1																
SOUND_0305	Sound	unrelated	0	train					cmusphinx/cmudict	cmudict:formal-zero-shared-phone	hard	sash		"[""h"", ""ɑ"", ""ɹ"", ""d""]"	"[""s"", ""æ"", ""ʃ""]"							5.488329476311297	3.055857817465001	4.272093646888149	4	3		1	1	4028	20								0	0	1				0	1																
SOUND_0306	Sound	unrelated	0	train					cmusphinx/cmudict	cmudict:formal-zero-shared-phone	hit	swank		"[""h"", ""ɪ"", ""t""]"	"[""s"", ""w"", ""æ"", ""ŋ"", ""k""]"							5.439332693830263	2.6726410656136697	4.055986879721966	3	5		1	1	2330	0								0	0	1	unseen_phase1:swank			0	1																
SOUND_0307	Sound	unrelated	0	train					cmusphinx/cmudict	cmudict:formal-zero-shared-phone	home	nursed		"[""h"", ""oʊ"", ""m""]"	"[""n"", ""ɜː"", ""s"", ""d""]"							5.8889279550805735	2.982625903930577	4.435776929505575	3	4		1	1	8570	15								0	0	1				0	1																
SOUND_0308	Sound	unrelated	0	train					cmusphinx/cmudict	cmudict:formal-zero-shared-phone	horned	sash		"[""h"", ""ɔ"", ""ɹ"", ""n"", ""d""]"	"[""s"", ""æ"", ""ʃ""]"							2.723793588061051	3.055857817465001	2.889825702763026	5	3		1	1	23	20								0	0	1				0	1																
SOUND_0309	Sound	unrelated	0	train					cmusphinx/cmudict	cmudict:formal-zero-shared-phone	horns	sash		"[""h"", ""ɔ"", ""ɹ"", ""n"", ""z""]"	"[""s"", ""æ"", ""ʃ""]"							3.7921169065204676	3.055857817465001	3.4239873619927343	5	3		1	1	180	20								0	0	1				0	1																
SOUND_0310	Sound	unrelated	0	train					cmusphinx/cmudict	cmudict:formal-zero-shared-phone	jig	nine		"[""d̠ʒ"", ""ɪ"", ""ɡ""]"	"[""n"", ""aɪ"", ""n""]"							3.231949076520682	4.829114496522994	4.030531786521838	3	3		1	1	15	2304								0	0	1				0	1																
SOUND_0311	Sound	unrelated	0	train					cmusphinx/cmudict	cmudict:formal-zero-shared-phone	jot	sash		"[""d̠ʒ"", ""ɑ"", ""t""]"	"[""s"", ""æ"", ""ʃ""]"							2.8606315479690587	3.055857817465001	2.95824468271703	3	3		1	1	0	20								0	0	1	unseen_phase1:jot			0	1																
SOUND_0312	Sound	unrelated	0	train					cmusphinx/cmudict	cmudict:formal-zero-shared-phone	jugs	seal		"[""d̠ʒ"", ""ʌ"", ""ɡ"", ""z""]"	"[""s"", ""iː"", ""l""]"							3.0777596589128304	4.168647664493706	3.6232036617032684	4	3		1	1	9	385								0	0	1				0	1																
SOUND_0313	Sound	unrelated	0	train					cmusphinx/cmudict	cmudict:formal-zero-shared-phone	junk	seal		"[""d̠ʒ"", ""ʌ"", ""ŋ"", ""k""]"	"[""s"", ""iː"", ""l""]"							4.186745886586502	4.168647664493706	4.177696775540104	4	3		1	1	191	385								0	0	1				0	1																
SOUND_0314	Sound	unrelated	0	train					cmusphinx/cmudict	cmudict:formal-zero-shared-phone	lit	nine		"[""l"", ""ɪ"", ""t""]"	"[""n"", ""aɪ"", ""n""]"							3.987911500392261	4.829114496522994	4.408512998457628	3	3		1	1	59	2304								0	0	1				0	1																
SOUND_0315	Sound	unrelated	0	train					cmusphinx/cmudict	cmudict:formal-zero-shared-phone	lows	sash		"[""l"", ""oʊ"", ""z""]"	"[""s"", ""æ"", ""ʃ""]"							2.75482782180102	3.055857817465001	2.9053428196330104	3	3		1	1	0	20								0	0	1	unseen_phase1:lows			0	1																
SOUND_0316	Sound	unrelated	0	train					cmusphinx/cmudict	cmudict:formal-zero-shared-phone	mas	nine		"[""m"", ""æ"", ""s""]"	"[""n"", ""aɪ"", ""n""]"							3.349334675238536	4.829114496522994	4.089224585880765	3	3		1	1	2	2304								0	0	1				0	1																
SOUND_0317	Sound	unrelated	0	train					cmusphinx/cmudict	cmudict:formal-zero-shared-phone	may	nine		"[""m"", ""eɪ""]"	"[""n"", ""aɪ"", ""n""]"							5.708737410961946	4.829114496522994	5.26892595374247	2	3		1	1	1779	2304								0	0	1				0	1																
SOUND_0318	Sound	unrelated	0	train					cmusphinx/cmudict	cmudict:formal-zero-shared-phone	mea	swank		"[""m"", ""iː""]"	"[""s"", ""w"", ""æ"", ""ŋ"", ""k""]"							2.848732324669351	2.6726410656136697	2.7606866951415103	2	5		1	1	7	0								0	0	1	unseen_phase1:swank			0	1																
SOUND_0319	Sound	unrelated	0	train					cmusphinx/cmudict	cmudict:formal-zero-shared-phone	mee	swank		"[""m"", ""iː""]"	"[""s"", ""w"", ""æ"", ""ŋ"", ""k""]"							2.6726410656136697	2.6726410656136697	2.6726410656136697	2	5		1	1	36	0								0	0	1	unseen_phase1:swank			0	1																
SOUND_0320	Sound	unrelated	0	train					cmusphinx/cmudict	cmudict:formal-zero-shared-phone	mi	sash		"[""m"", ""aɪ""]"	"[""s"", ""æ"", ""ʃ""]"							3.7795681993792503	3.055857817465001	3.4177130084221257	2	3		1	1	62	20								0	0	1				0	1																
SOUND_0321	Sound	unrelated	0	train					cmusphinx/cmudict	cmudict:formal-zero-shared-phone	mic	nursed		"[""m"", ""aɪ"", ""k""]"	"[""n"", ""ɜː"", ""s"", ""d""]"							3.2009148427807133	2.982625903930577	3.0917703733556454	3	4		1	1	53	15								0	0	1				0	1																
SOUND_0322	Sound	unrelated	0	train					cmusphinx/cmudict	cmudict:formal-zero-shared-phone	mid	sash		"[""m"", ""ɪ"", ""d""]"	"[""s"", ""æ"", ""ʃ""]"							3.098609797885951	3.055857817465001	3.077233807675476	3	3		1	1	15	20								0	0	1				0	1																
SOUND_0323	Sound	unrelated	0	train					cmusphinx/cmudict	cmudict:formal-zero-shared-phone	milk	sash		"[""m"", ""ɪ"", ""l"", ""k""]"	"[""s"", ""æ"", ""ʃ""]"							4.628689375916257	3.055857817465001	3.842273596690629	4	3		1	1	6873	20								0	0	1				0	1																
SOUND_0324	Sound	unrelated	0	train					cmusphinx/cmudict	cmudict:formal-zero-shared-phone	mobs	nursed		"[""m"", ""ɑ"", ""b"", ""z""]"	"[""n"", ""ɜː"", ""s"", ""d""]"							2.769551078621726	2.982625903930577	2.8760884912761515	4	4		1	1	0	15								0	0	1	unseen_phase1:mobs			0	1																
SOUND_0325	Sound	unrelated	0	train					cmusphinx/cmudict	cmudict:formal-zero-shared-phone	ni	swells		"[""n"", ""aɪ""]"	"[""s"", ""w"", ""ɛ"", ""l"", ""z""]"							3.1497623203333323	3.0777596589128304	3.1137609896230813	2	5		1	1	115	0								0	0	1	unseen_phase1:swells			0	1																
SOUND_0326	Sound	unrelated	0	train					cmusphinx/cmudict	cmudict:formal-zero-shared-phone	nine	pale		"[""n"", ""aɪ"", ""n""]"	"[""p"", ""eɪ"", ""l""]"							4.829114496522994	3.904153131909405	4.3666338142162	3	3		1	1	2304	13								0	0	1				0	1																
SOUND_0327	Sound	unrelated	0	train					cmusphinx/cmudict	cmudict:formal-zero-shared-phone	nine	press		"[""n"", ""aɪ"", ""n""]"	"[""p"", ""ɹ"", ""ɛ"", ""s""]"							4.829114496522994	4.77956819937925	4.804341347951122	3	4		1	1	2304	779								0	0	1				0	1																
SOUND_0328	Sound	unrelated	0	train					cmusphinx/cmudict	cmudict:formal-zero-shared-phone	nine	proof		"[""n"", ""aɪ"", ""n""]"	"[""p"", ""ɹ"", ""uː"", ""f""]"							4.829114496522994	4.536459412932086	4.68278695472754	3	4		1	1	2304	10								0	0	1				0	1																
SOUND_0329	Sound	unrelated	0	train					cmusphinx/cmudict	cmudict:formal-zero-shared-phone	nine	raise		"[""n"", ""aɪ"", ""n""]"	"[""ɹ"", ""eɪ"", ""z""]"							4.829114496522994	4.741908223089428	4.785511359806211	3	3		1	1	2304	96								0	0	1				0	1																
SOUND_0330	Sound	unrelated	0	train					cmusphinx/cmudict	cmudict:formal-zero-shared-phone	nine	scrip		"[""n"", ""aɪ"", ""n""]"	"[""s"", ""k"", ""ɹ"", ""ɪ"", ""p""]"							4.829114496522994	2.848732324669351	3.8389234105961725	3	5		1	1	2304	0								0	0	1	unseen_phase1:scrip			0	1																
SOUND_0331	Sound	unrelated	0	train					cmusphinx/cmudict	cmudict:formal-zero-shared-phone	nine	seems		"[""n"", ""aɪ"", ""n""]"	"[""s"", ""iː"", ""m"", ""z""]"							4.829114496522994	5.224141890958819	5.0266281937409065	3	4		1	1	2304	487								0	0	1				0	1																
SOUND_0332	Sound	unrelated	0	train					cmusphinx/cmudict	cmudict:formal-zero-shared-phone	nine	sink		"[""n"", ""aɪ"", ""n""]"	"[""s"", ""ɪ"", ""ŋ"", ""k""]"							4.829114496522994	4.228440619617273	4.528777558070134	3	4		1	1	2304	338								0	0	1				0	1																
SOUND_0333	Sound	unrelated	0	train					cmusphinx/cmudict	cmudict:formal-zero-shared-phone	nine	sirs		"[""n"", ""aɪ"", ""n""]"	"[""s"", ""ɜː"", ""z""]"							4.829114496522994	3.5802315538322897	4.204673025177642	3	4		1	1	2304	0								0	0	1	unseen_phase1:sirs			0	1																
SOUND_0334	Sound	unrelated	0	train					cmusphinx/cmudict	cmudict:formal-zero-shared-phone	nine	smokes		"[""n"", ""aɪ"", ""n""]"	"[""s"", ""m"", ""oʊ"", ""k"", ""s""]"							4.829114496522994	3.710731115221809	4.269922805872401	3	5		1	1	2304	33								0	0	1				0	1																
SOUND_0335	Sound	unrelated	0	train					cmusphinx/cmudict	cmudict:formal-zero-shared-phone	nine	smut		"[""n"", ""aɪ"", ""n""]"	"[""s"", ""m"", ""ʌ"", ""t""]"							4.829114496522994	3.1375278639163207	3.983321180219657	3	4		1	1	2304	0								0	0	1	unseen_phase1:smut			0	1																
SOUND_0336	Sound	unrelated	0	train					cmusphinx/cmudict	cmudict:formal-zero-shared-phone	nine	tests		"[""n"", ""aɪ"", ""n""]"	"[""t"", ""ɛ"", ""s"", ""t"", ""s""]"							4.829114496522994	4.370523974308474	4.599819235415734	3	5		1	1	2304	16								0	0	1				0	1																
SOUND_0337	Sound	unrelated	0	train					cmusphinx/cmudict	cmudict:formal-zero-shared-phone	nursed	pap		"[""n"", ""ɜː"", ""s"", ""d""]"	"[""p"", ""æ"", ""p""]"							2.982625903930577	3.1119737594439325	3.047299831687255	4	3		1	1	15	25								0	0	1				0	1																
SOUND_0338	Sound	unrelated	0	train					cmusphinx/cmudict	cmudict:formal-zero-shared-phone	par	sash		"[""p"", ""ɑ"", ""ɹ""]"	"[""s"", ""æ"", ""ʃ""]"							3.6955503450778817	3.055857817465001	3.3757040812714414	3	3		1	1	17	20								0	0	1				0	1																
SOUND_0339	Sound	unrelated	0	train					cmusphinx/cmudict	cmudict:formal-zero-shared-phone	par	swank		"[""p"", ""ɑ"", ""ɹ""]"	"[""s"", ""w"", ""æ"", ""ŋ"", ""k""]"							3.6955503450778817	2.6726410656136697	3.1840957053457757	3	5		1	1	17	0								0	0	1	unseen_phase1:swank			0	1																
SOUND_0340	Sound	unrelated	0	train					cmusphinx/cmudict	cmudict:formal-zero-shared-phone	phrase	seal		"[""f"", ""ɹ"", ""eɪ"", ""z""]"	"[""s"", ""iː"", ""l""]"							3.9589478044569444	4.168647664493706	4.063797734475325	4	3		1	1	17	385								0	0	1				0	1																
SOUND_0341	Sound	unrelated	0	train					cmusphinx/cmudict	cmudict:formal-zero-shared-phone	plumb	sash		"[""p"", ""l"", ""ʌ"", ""m""]"	"[""s"", ""æ"", ""ʃ""]"							3.226928275145631	3.055857817465001	3.141393046305316	4	3		1	1	4	20								0	0	1				0	1																
SOUND_0342	Sound	unrelated	0	train					cmusphinx/cmudict	cmudict:formal-zero-shared-phone	pup	swank		"[""p"", ""ʌ"", ""p""]"	"[""s"", ""w"", ""æ"", ""ŋ"", ""k""]"							3.5072736719497617	2.6726410656136697	3.0899573687817155	3	5		1	1	83	0								0	0	1	unseen_phase1:swank			0	1																
SOUND_0343	Sound	unrelated	0	train					cmusphinx/cmudict	cmudict:formal-zero-shared-phone	quart	seal		"[""k"", ""w"", ""ɔ"", ""ɹ"", ""t""]"	"[""s"", ""iː"", ""l""]"							3.3177356891668337	4.168647664493706	3.74319167683027	5	3		1	1	22	385								0	0	1				0	1																
SOUND_0344	Sound	unrelated	0	train					cmusphinx/cmudict	cmudict:formal-zero-shared-phone	que	sash		"[""k"", ""w"", ""ɛ""]"	"[""s"", ""æ"", ""ʃ""]"							3.718941085266639	3.055857817465001	3.38739945136582	3	3		1	1	22	20								0	0	1				0	1																
SOUND_0345	Sound	unrelated	0	train					cmusphinx/cmudict	cmudict:formal-zero-shared-phone	rage	seal		"[""ɹ"", ""eɪ"", ""d̠ʒ""]"	"[""s"", ""iː"", ""l""]"							4.053605637057795	4.168647664493706	4.11112665077575	3	3		1	1	3	385								0	0	1				0	1																
SOUND_0346	Sound	unrelated	0	train					cmusphinx/cmudict	cmudict:formal-zero-shared-phone	rays	sash		"[""ɹ"", ""eɪ"", ""z""]"	"[""s"", ""æ"", ""ʃ""]"							3.6368220975871743	3.055857817465001	3.3463399575260877	3	3		1	1	27	20								0	0	1				0	1																
SOUND_0347	Sound	unrelated	0	train					cmusphinx/cmudict	cmudict:formal-zero-shared-phone	rays	swank		"[""ɹ"", ""eɪ"", ""z""]"	"[""s"", ""w"", ""æ"", ""ŋ"", ""k""]"							3.6368220975871743	2.6726410656136697	3.154731581600422	3	5		1	1	27	0								0	0	1	unseen_phase1:swank			0	1																
SOUND_0348	Sound	unrelated	0	train					cmusphinx/cmudict	cmudict:formal-zero-shared-phone	runs	swank		"[""ɹ"", ""ʌ"", ""n"", ""z""]"	"[""s"", ""w"", ""æ"", ""ŋ"", ""k""]"							4.506478503314005	2.6726410656136697	3.5895597844638374	4	5		1	1	381	0								0	0	1	unseen_phase1:swank			0	1																
SOUND_0349	Sound	unrelated	0	train					cmusphinx/cmudict	cmudict:formal-zero-shared-phone	sash	tip		"[""s"", ""æ"", ""ʃ""]"	"[""t"", ""ɪ"", ""p""]"							3.055857817465001	4.441340817011421	3.748599317238211	3	3		1	1	20	306								0	0	1				0	1																
SOUND_0350	Sound	unrelated	0	train					cmusphinx/cmudict	cmudict:formal-zero-shared-phone	sash	torn		"[""s"", ""æ"", ""ʃ""]"	"[""t"", ""ɔ"", ""ɹ"", ""n""]"							3.055857817465001	4.035154955206762	3.5455063863358816	3	4		1	1	20	52								0	0	1				0	1																
SOUND_0351	Sound	unrelated	0	train					cmusphinx/cmudict	cmudict:formal-zero-shared-phone	sash	wench		"[""s"", ""æ"", ""ʃ""]"	"[""w"", ""ɛ"", ""n"", ""t̠ʃ""]"							3.055857817465001	3.2369124960522324	3.1463851567586167	3	4		1	1	20	0								0	0	1	unseen_phase1:wench			0	1																
SOUND_0352	Sound	unrelated	0	train					cmusphinx/cmudict	cmudict:formal-zero-shared-phone	sash	wiles		"[""s"", ""æ"", ""ʃ""]"	"[""w"", ""aɪ"", ""l"", ""z""]"							3.055857817465001	3.0084331675368627	3.032145492500932	3	4		1	1	20	0								0	0	1	unseen_phase1:wiles			0	1																
SOUND_0353	Sound	unrelated	0	train					cmusphinx/cmudict	cmudict:formal-zero-shared-phone	seal	tor		"[""s"", ""iː"", ""l""]"	"[""t"", ""ɔ"", ""ɹ""]"							4.168647664493706	3.3962335448580205	3.7824406046758634	3	3		1	1	385	2								0	0	1				0	1																
SOUND_0354	Sound	unrelated	0	train					cmusphinx/cmudict	cmudict:formal-zero-shared-phone	seal	trout		"[""s"", ""iː"", ""l""]"	"[""t"", ""ɹ"", ""aʊ"", ""t""]"							4.168647664493706	3.604183684957818	3.886415674725762	3	4		1	1	385	17								0	0	1				0	1																
SOUND_0355	Sound	unrelated	0	train					cmusphinx/cmudict	cmudict:formal-zero-shared-phone	seal	wig		"[""s"", ""iː"", ""l""]"	"[""w"", ""ɪ"", ""ɡ""]"							4.168647664493706	3.9218394230047826	4.045243543749244	3	3		1	1	385	64								0	0	1				0	1																
SOUND_0356	Sound	unrelated	0	train					cmusphinx/cmudict	cmudict:formal-zero-shared-phone	shone	swank		"[""ʃ"", ""ɑ"", ""n""]"	"[""s"", ""w"", ""æ"", ""ŋ"", ""k""]"							2.769551078621726	2.6726410656136697	2.7210960721176978	3	5		1	1	8	0								0	0	1	unseen_phase1:swank			0	1																
SOUND_0357	Sound	unrelated	0	train					cmusphinx/cmudict	cmudict:formal-zero-shared-phone	swank	teal		"[""s"", ""w"", ""æ"", ""ŋ"", ""k""]"	"[""t"", ""iː"", ""l""]"							2.6726410656136697	2.7074031718728815	2.6900221187432756	5	3		1	1	0	5								0	0	1	unseen_phase1:swank			0	1																
SOUND_0358	Sound	unrelated	0	train					cmusphinx/cmudict	cmudict:formal-zero-shared-phone	swank	tout		"[""s"", ""w"", ""æ"", ""ŋ"", ""k""]"	"[""t"", ""aʊ"", ""t""]"							2.6726410656136697	3.0327925133963074	2.8527167895049885	5	3		1	1	0	1								0	0	1	unseen_phase1:swank			0	1																
SOUND_0359	Sound	unrelated	0	train					cmusphinx/cmudict	cmudict:formal-zero-shared-phone	swank	trays		"[""s"", ""w"", ""æ"", ""ŋ"", ""k""]"	"[""t"", ""ɹ"", ""eɪ"", ""z""]"							2.6726410656136697	3.184524426592544	2.928582746103107	5	4		1	1	0	12								0	0	1	unseen_phase1:swank			0	1																
SOUND_0360	Sound	unrelated	0	train					cmusphinx/cmudict	cmudict:formal-zero-shared-phone	swells	verb		"[""s"", ""w"", ""ɛ"", ""l"", ""z""]"	"[""v"", ""ɜː"", ""b""]"							3.0777596589128304	3.0248235837250323	3.0512916213189314	5	3		1	1	0	9								0	0	1	unseen_phase1:swells			0	1																
