item_id	condition	binary_label	split	word1	word2	word1_ipa	word2_ipa	qc_notes
MEANING_0001	high_association	1	train	acre	land	"[""eɪ"", ""k"", ""ə"", ""ɹ""]"	"[""l"", ""æ"", ""n"", ""d""]"	
MEANING_0002	high_association	1	train	bashful	shy	"[""b"", ""æ"", ""ʃ"", ""f"", ""ə"", ""l""]"	"[""ʃ"", ""aɪ""]"	
MEANING_0003	high_association	1	train	beam	light	"[""b"", ""iː"", ""m""]"	"[""l"", ""aɪ"", ""t""]"	
MEANING_0004	high_association	1	train	behind	front	"[""b"", ""ɪ"", ""h"", ""aɪ"", ""n"", ""d""]"	"[""f"", ""ɹ"", ""ʌ"", ""n"", ""t""]"	
MEANING_0005	high_association	1	train	brick	house	"[""b"", ""ɹ"", ""ɪ"", ""k""]"	"[""h"", ""aʊ"", ""s""]"	
MEANING_0006	high_association	1	train	buyer	seller	"[""b"", ""aɪ"", ""ə"", ""ɹ""]"	"[""s"", ""ɛ"", ""l"", ""ə"", ""ɹ""]"	
MEANING_0007	high_association	1	train	calculator	math	"[""k"", ""æ"", ""l"", ""k"", ""j"", ""ʊ"", ""l"", ""eɪ"", ""t"", ""ə"", ""ɹ""]"	"[""m"", ""æ"", ""θ""]"	
MEANING_0008	high_association	1	train	calf	cow	"[""k"", ""æ"", ""f""]"	"[""k"", ""aʊ""]"	
MEANING_0009	high_association	1	train	canary	bird	"[""k"", ""ə"", ""n"", ""ɛ"", ""ɹ"", ""i""]"	"[""b"", ""ɜː"", ""d""]"	
MEANING_0010	high_association	1	train	chapel	church	"[""t̠ʃ"", ""æ"", ""p"", ""ə"", ""l""]"	"[""t̠ʃ"", ""ɜː"", ""t̠ʃ""]"	
MEANING_0011	high_association	1	train	charge	card	"[""t̠ʃ"", ""ɑ"", ""ɹ"", ""d̠ʒ""]"	"[""k"", ""ɑ"", ""ɹ"", ""d""]"	
MEANING_0012	high_association	1	train	chef	cook	"[""ʃ"", ""ɛ"", ""f""]"	"[""k"", ""ʊ"", ""k""]"	
MEANING_0013	high_association	1	train	choose	pick	"[""t̠ʃ"", ""uː"", ""z""]"	"[""p"", ""ɪ"", ""k""]"	
MEANING_0014	high_association	1	train	chowder	clam	"[""t̠ʃ"", ""aʊ"", ""d"", ""ə"", ""ɹ""]"	"[""k"", ""l"", ""æ"", ""m""]"	
MEANING_0015	high_association	1	train	citrus	fruit	"[""s"", ""ɪ"", ""t"", ""ɹ"", ""ə"", ""s""]"	"[""f"", ""ɹ"", ""uː"", ""t""]"	
MEANING_0016	high_association	1	train	condom	sex	"[""k"", ""ɑ"", ""n"", ""d"", ""ə"", ""m""]"	"[""s"", ""ɛ"", ""k"", ""s""]"	unseen_phase1:condom
MEANING_0017	high_association	1	train	corpse	dead	"[""k"", ""ɔ"", ""ɹ"", ""p"", ""s""]"	"[""d"", ""ɛ"", ""d""]"	
MEANING_0018	high_association	1	train	crust	pie	"[""k"", ""ɹ"", ""ʌ"", ""s"", ""t""]"	"[""p"", ""aɪ""]"	
MEANING_0019	high_association	1	train	depression	sad	"[""d"", ""ɪ"", ""p"", ""ɹ"", ""ɛ"", ""ʃ"", ""ə"", ""n""]"	"[""s"", ""æ"", ""d""]"	unseen_phase1:depression
MEANING_0020	high_association	1	train	differ	same	"[""d"", ""ɪ"", ""f"", ""ə"", ""ɹ""]"	"[""s"", ""eɪ"", ""m""]"	
MEANING_0021	high_association	1	train	dime	nickel	"[""d"", ""aɪ"", ""m""]"	"[""n"", ""ɪ"", ""k"", ""ə"", ""l""]"	
MEANING_0022	high_association	1	train	esteem	self	"[""ɛ"", ""s"", ""t"", ""iː"", ""m""]"	"[""s"", ""ɛ"", ""l"", ""f""]"	
MEANING_0023	high_association	1	train	famished	hungry	"[""f"", ""æ"", ""m"", ""ɪ"", ""ʃ"", ""t""]"	"[""h"", ""ʌ"", ""ŋ"", ""ɡ"", ""ɹ"", ""i""]"	unseen_phase1:famished
MEANING_0024	high_association	1	train	flee	run	"[""f"", ""l"", ""iː""]"	"[""ɹ"", ""ʌ"", ""n""]"	
MEANING_0025	high_association	1	train	flex	muscle	"[""f"", ""l"", ""ɛ"", ""k"", ""s""]"	"[""m"", ""ʌ"", ""s"", ""ə"", ""l""]"	unseen_phase1:flex
MEANING_0026	high_association	1	train	flu	sick	"[""f"", ""l"", ""uː""]"	"[""s"", ""ɪ"", ""k""]"	
MEANING_0027	high_association	1	train	flunk	fail	"[""f"", ""l"", ""ʌ"", ""ŋ"", ""k""]"	"[""f"", ""eɪ"", ""l""]"	
MEANING_0028	high_association	1	train	freckle	face	"[""f"", ""ɹ"", ""ɛ"", ""k"", ""ə"", ""l""]"	"[""f"", ""eɪ"", ""s""]"	
MEANING_0029	high_association	1	train	freezer	cold	"[""f"", ""ɹ"", ""iː"", ""z"", ""ə"", ""ɹ""]"	"[""k"", ""oʊ"", ""l"", ""d""]"	
MEANING_0030	high_association	1	train	goblin	ghost	"[""ɡ"", ""ɑ"", ""b"", ""l"", ""ɪ"", ""n""]"	"[""ɡ"", ""oʊ"", ""s"", ""t""]"	
MEANING_0031	high_association	1	train	grasp	hold	"[""ɡ"", ""ɹ"", ""æ"", ""s"", ""p""]"	"[""h"", ""oʊ"", ""l"", ""d""]"	
MEANING_0032	high_association	1	train	hobo	bum	"[""h"", ""oʊ"", ""b"", ""oʊ""]"	"[""b"", ""ʌ"", ""m""]"	
MEANING_0033	high_association	1	train	horizon	sun	"[""h"", ""ə"", ""ɹ"", ""ɹ"", ""aɪ"", ""z"", ""ə"", ""n""]"	"[""s"", ""ʌ"", ""n""]"	
MEANING_0034	high_association	1	train	hum	sing	"[""h"", ""ʌ"", ""m""]"	"[""s"", ""ɪ"", ""ŋ""]"	
MEANING_0035	high_association	1	train	insane	crazy	"[""ɪ"", ""n"", ""s"", ""eɪ"", ""n""]"	"[""k"", ""ɹ"", ""eɪ"", ""z"", ""i""]"	
MEANING_0036	high_association	1	train	jam	jelly	"[""d̠ʒ"", ""æ"", ""m""]"	"[""d̠ʒ"", ""ɛ"", ""l"", ""i""]"	
MEANING_0037	high_association	1	train	labor	work	"[""l"", ""eɪ"", ""b"", ""ə"", ""ɹ""]"	"[""w"", ""ɜː"", ""k""]"	
MEANING_0038	high_association	1	train	leap	jump	"[""l"", ""iː"", ""p""]"	"[""d̠ʒ"", ""ʌ"", ""m"", ""p""]"	
MEANING_0039	high_association	1	train	lost	found	"[""l"", ""ɔ"", ""s"", ""t""]"	"[""f"", ""aʊ"", ""n"", ""d""]"	
MEANING_0040	high_association	1	train	male	female	"[""m"", ""eɪ"", ""l""]"	"[""f"", ""iː"", ""m"", ""eɪ"", ""l""]"	
MEANING_0041	high_association	1	train	meal	food	"[""m"", ""iː"", ""l""]"	"[""f"", ""uː"", ""d""]"	
MEANING_0042	high_association	1	train	medium	large	"[""m"", ""iː"", ""d"", ""iə"", ""m""]"	"[""l"", ""ɑ"", ""ɹ"", ""d̠ʒ""]"	
MEANING_0043	high_association	1	train	miner	coal	"[""m"", ""aɪ"", ""n"", ""ə"", ""ɹ""]"	"[""k"", ""oʊ"", ""l""]"	
MEANING_0044	high_association	1	train	molten	lava	"[""m"", ""oʊ"", ""l"", ""t"", ""ə"", ""n""]"	"[""l"", ""ɑ"", ""v"", ""ə""]"	unseen_phase1:molten
MEANING_0045	high_association	1	train	more	less	"[""m"", ""ɔ"", ""ɹ""]"	"[""l"", ""ɛ"", ""s""]"	
MEANING_0046	high_association	1	train	mother	father	"[""m"", ""ʌ"", ""ð"", ""ə"", ""ɹ""]"	"[""f"", ""ɑ"", ""ð"", ""ə"", ""ɹ""]"	
MEANING_0047	high_association	1	train	niece	nephew	"[""n"", ""iː"", ""s""]"	"[""n"", ""ɛ"", ""f"", ""j"", ""uː""]"	
MEANING_0048	high_association	1	train	owe	money	"[""oʊ""]"	"[""m"", ""ʌ"", ""n"", ""i""]"	
MEANING_0049	high_association	1	train	parrot	bird	"[""p"", ""æ"", ""ɹ"", ""ə"", ""t""]"	"[""b"", ""ɜː"", ""d""]"	
MEANING_0050	high_association	1	train	perch	bird	"[""p"", ""ɜː"", ""t̠ʃ""]"	"[""b"", ""ɜː"", ""d""]"	
MEANING_0051	high_association	1	train	petals	flower	"[""p"", ""ɛ"", ""t"", ""ə"", ""l"", ""z""]"	"[""f"", ""l"", ""aʊ"", ""ə"", ""ɹ""]"	
MEANING_0052	high_association	1	train	pine	tree	"[""p"", ""aɪ"", ""n""]"	"[""t"", ""ɹ"", ""iː""]"	
MEANING_0053	high_association	1	train	plaything	toy	"[""p"", ""l"", ""eɪ"", ""θ"", ""ɪ"", ""ŋ""]"	"[""t"", ""ɔɪ""]"	unseen_phase1:plaything
MEANING_0054	high_association	1	train	plead	beg	"[""p"", ""l"", ""iː"", ""d""]"	"[""b"", ""ɛ"", ""ɡ""]"	unseen_phase1:plead
MEANING_0055	high_association	1	train	prison	jail	"[""p"", ""ɹ"", ""ɪ"", ""z"", ""ə"", ""n""]"	"[""d̠ʒ"", ""eɪ"", ""l""]"	
MEANING_0056	high_association	1	train	pun	joke	"[""p"", ""ʌ"", ""n""]"	"[""d̠ʒ"", ""oʊ"", ""k""]"	
MEANING_0057	high_association	1	train	purchase	buy	"[""p"", ""ɜː"", ""t̠ʃ"", ""ɪ"", ""s""]"	"[""b"", ""aɪ""]"	
MEANING_0058	high_association	1	train	quail	bird	"[""k"", ""w"", ""eɪ"", ""l""]"	"[""b"", ""ɜː"", ""d""]"	
MEANING_0059	high_association	1	train	quench	thirst	"[""k"", ""w"", ""ɛ"", ""n"", ""t̠ʃ""]"	"[""θ"", ""ɜː"", ""s"", ""t""]"	
MEANING_0060	high_association	1	train	reflection	mirror	"[""ɹ"", ""ɪ"", ""f"", ""l"", ""ɛ"", ""k"", ""ʃ"", ""ə"", ""n""]"	"[""m"", ""ɪ"", ""ɹ"", ""ə"", ""ɹ""]"	
MEANING_0061	high_association	1	train	refrain	stop	"[""ɹ"", ""ɪ"", ""f"", ""ɹ"", ""eɪ"", ""n""]"	"[""s"", ""t"", ""ɑ"", ""p""]"	unseen_phase1:refrain
MEANING_0062	high_association	1	train	remove	take	"[""ɹ"", ""ɪ"", ""m"", ""uː"", ""v""]"	"[""t"", ""eɪ"", ""k""]"	
MEANING_0063	high_association	1	train	roast	beef	"[""ɹ"", ""oʊ"", ""s"", ""t""]"	"[""b"", ""iː"", ""f""]"	
MEANING_0064	high_association	1	train	saloon	bar	"[""s"", ""ə"", ""l"", ""uː"", ""n""]"	"[""b"", ""ɑ"", ""ɹ""]"	
MEANING_0065	high_association	1	train	sauce	spaghetti	"[""s"", ""ɔ"", ""s""]"	"[""s"", ""p"", ""ə"", ""ɡ"", ""ɛ"", ""t"", ""i""]"	
MEANING_0066	high_association	1	train	search	find	"[""s"", ""ɜː"", ""t̠ʃ""]"	"[""f"", ""aɪ"", ""n"", ""d""]"	
MEANING_0067	high_association	1	train	server	waiter	"[""s"", ""ɜː"", ""v"", ""ə"", ""ɹ""]"	"[""w"", ""eɪ"", ""t"", ""ə"", ""ɹ""]"	
MEANING_0068	high_association	1	train	shrink	small	"[""ʃ"", ""ɹ"", ""ɪ"", ""ŋ"", ""k""]"	"[""s"", ""m"", ""ɔ"", ""l""]"	
MEANING_0069	high_association	1	train	sky	blue	"[""s"", ""k"", ""aɪ""]"	"[""b"", ""l"", ""uː""]"	
MEANING_0070	high_association	1	train	skyscraper	building	"[""s"", ""k"", ""aɪ"", ""s"", ""k"", ""ɹ"", ""eɪ"", ""p"", ""ə"", ""ɹ""]"	"[""b"", ""ɪ"", ""l"", ""d"", ""ɪ"", ""ŋ""]"	
MEANING_0071	high_association	1	train	slacks	pants	"[""s"", ""l"", ""æ"", ""k"", ""s""]"	"[""p"", ""æ"", ""n"", ""t"", ""s""]"	
MEANING_0072	high_association	1	train	spades	cards	"[""s"", ""p"", ""eɪ"", ""d"", ""z""]"	"[""k"", ""ɑ"", ""ɹ"", ""d"", ""z""]"	
MEANING_0073	high_association	1	train	strand	hair	"[""s"", ""t"", ""ɹ"", ""æ"", ""n"", ""d""]"	"[""h"", ""ɛ"", ""ɹ""]"	unseen_phase1:strand
MEANING_0074	high_association	1	train	strike	hit	"[""s"", ""t"", ""ɹ"", ""aɪ"", ""k""]"	"[""h"", ""ɪ"", ""t""]"	
MEANING_0075	high_association	1	train	structure	building	"[""s"", ""t"", ""ɹ"", ""ʌ"", ""k"", ""t̠ʃ"", ""ə"", ""ɹ""]"	"[""b"", ""ɪ"", ""l"", ""d"", ""ɪ"", ""ŋ""]"	
MEANING_0076	high_association	1	train	sweep	broom	"[""s"", ""w"", ""iː"", ""p""]"	"[""b"", ""ɹ"", ""uː"", ""m""]"	
MEANING_0077	high_association	1	train	theater	movie	"[""θ"", ""iə"", ""t"", ""ə"", ""ɹ""]"	"[""m"", ""uː"", ""v"", ""i""]"	
MEANING_0078	high_association	1	train	thunder	lightning	"[""θ"", ""ʌ"", ""n"", ""d"", ""ə"", ""ɹ""]"	"[""l"", ""aɪ"", ""t"", ""n"", ""ɪ"", ""ŋ""]"	
MEANING_0079	high_association	1	train	timid	shy	"[""t"", ""ɪ"", ""m"", ""ɪ"", ""d""]"	"[""ʃ"", ""aɪ""]"	
MEANING_0080	high_association	1	train	tiny	small	"[""t"", ""aɪ"", ""n"", ""i""]"	"[""s"", ""m"", ""ɔ"", ""l""]"	
MEANING_0081	high_association	1	train	tub	bath	"[""t"", ""ʌ"", ""b""]"	"[""b"", ""æ"", ""θ""]"	
MEANING_0082	high_association	1	train	values	morals	"[""v"", ""æ"", ""l"", ""j"", ""uː"", ""z""]"	"[""m"", ""ɔ"", ""ɹ"", ""ə"", ""l"", ""z""]"	unseen_phase1:morals
MEANING_0083	high_association	1	train	velocity	speed	"[""v"", ""ə"", ""l"", ""ɑ"", ""s"", ""ɪ"", ""t"", ""i""]"	"[""s"", ""p"", ""iː"", ""d""]"	unseen_phase1:velocity
MEANING_0084	high_association	1	train	venom	poison	"[""v"", ""ɛ"", ""n"", ""ə"", ""m""]"	"[""p"", ""ɔɪ"", ""z"", ""ə"", ""n""]"	
MEANING_0085	high_association	1	train	verb	noun	"[""v"", ""ɜː"", ""b""]"	"[""n"", ""aʊ"", ""n""]"	
MEANING_0086	high_association	1	train	vine	grape	"[""v"", ""aɪ"", ""n""]"	"[""ɡ"", ""ɹ"", ""eɪ"", ""p""]"	
MEANING_0087	high_association	1	train	wife	husband	"[""w"", ""aɪ"", ""f""]"	"[""h"", ""ʌ"", ""s"", ""b"", ""ə"", ""n"", ""d""]"	
MEANING_0088	high_association	1	train	zebra	stripe	"[""z"", ""iː"", ""b"", ""ɹ"", ""ə""]"	"[""s"", ""t"", ""ɹ"", ""aɪ"", ""p""]"	
MEANING_0089	high_association	1	train	zipper	pants	"[""z"", ""ɪ"", ""p"", ""ə"", ""ɹ""]"	"[""p"", ""æ"", ""n"", ""t"", ""s""]"	
MEANING_0090	high_association	1	train	zoo	animal	"[""z"", ""uː""]"	"[""æ"", ""n"", ""ɪ"", ""m"", ""ə"", ""l""]"	
MEANING_0091	low_association	1	train	ashamed	embarrass	"[""ə"", ""ʃ"", ""eɪ"", ""m"", ""d""]"	"[""ɛ"", ""m"", ""b"", ""æ"", ""ɹ"", ""ə"", ""s""]"	
MEANING_0092	low_association	1	train	ass	hole	"[""æ"", ""s""]"	"[""h"", ""oʊ"", ""l""]"	
MEANING_0093	low_association	1	train	bath	clean	"[""b"", ""æ"", ""θ""]"	"[""k"", ""l"", ""iː"", ""n""]"	
MEANING_0094	low_association	1	train	beautiful	ugly	"[""b"", ""j"", ""uː"", ""t"", ""i"", ""f"", ""ə"", ""l""]"	"[""ʌ"", ""ɡ"", ""l"", ""i""]"	
MEANING_0095	low_association	1	train	blur	vision	"[""b"", ""l"", ""ɜː""]"	"[""v"", ""ɪ"", ""ʒ"", ""ə"", ""n""]"	
MEANING_0096	low_association	1	train	bolt	lightning	"[""b"", ""oʊ"", ""l"", ""t""]"	"[""l"", ""aɪ"", ""t"", ""n"", ""ɪ"", ""ŋ""]"	
MEANING_0097	low_association	1	train	cancer	death	"[""k"", ""æ"", ""n"", ""s"", ""ə"", ""ɹ""]"	"[""d"", ""ɛ"", ""θ""]"	
MEANING_0098	low_association	1	train	cards	poker	"[""k"", ""ɑ"", ""ɹ"", ""d"", ""z""]"	"[""p"", ""oʊ"", ""k"", ""ə"", ""ɹ""]"	
MEANING_0099	low_association	1	train	ceramic	pottery	"[""s"", ""ɪ"", ""ɹ"", ""æ"", ""m"", ""ɪ"", ""k""]"	"[""p"", ""ɑ"", ""t"", ""ə"", ""ɹ"", ""ɹ"", ""i""]"	
MEANING_0100	low_association	1	train	chain	saw	"[""t̠ʃ"", ""eɪ"", ""n""]"	"[""s"", ""ɔ""]"	
MEANING_0101	low_association	1	train	compose	music	"[""k"", ""ə"", ""m"", ""p"", ""oʊ"", ""z""]"	"[""m"", ""j"", ""uː"", ""z"", ""ɪ"", ""k""]"	
MEANING_0102	low_association	1	train	convince	persuade	"[""k"", ""ə"", ""n"", ""v"", ""ɪ"", ""n"", ""s""]"	"[""p"", ""ə"", ""ɹ"", ""s"", ""w"", ""eɪ"", ""d""]"	
MEANING_0103	low_association	1	train	corpse	death	"[""k"", ""ɔ"", ""ɹ"", ""p"", ""s""]"	"[""d"", ""ɛ"", ""θ""]"	
MEANING_0104	low_association	1	train	couch	potato	"[""k"", ""aʊ"", ""t̠ʃ""]"	"[""p"", ""ə"", ""t"", ""eɪ"", ""t"", ""oʊ""]"	
MEANING_0105	low_association	1	train	crawl	baby	"[""k"", ""ɹ"", ""ɔ"", ""l""]"	"[""b"", ""eɪ"", ""b"", ""i""]"	
MEANING_0106	low_association	1	train	dash	board	"[""d"", ""æ"", ""ʃ""]"	"[""b"", ""ɔ"", ""ɹ"", ""d""]"	
MEANING_0107	low_association	1	train	delicate	fragile	"[""d"", ""ɛ"", ""l"", ""ɪ"", ""k"", ""ə"", ""t""]"	"[""f"", ""ɹ"", ""æ"", ""d̠ʒ"", ""ə"", ""l""]"	
MEANING_0108	low_association	1	train	domain	range	"[""d"", ""ə"", ""m"", ""eɪ"", ""n""]"	"[""ɹ"", ""eɪ"", ""n"", ""d̠ʒ""]"	
MEANING_0109	low_association	1	train	donor	give	"[""d"", ""oʊ"", ""n"", ""ə"", ""ɹ""]"	"[""ɡ"", ""ɪ"", ""v""]"	unseen_phase1:donor
MEANING_0110	low_association	1	train	downtown	city	"[""d"", ""aʊ"", ""n"", ""t"", ""aʊ"", ""n""]"	"[""s"", ""ɪ"", ""t"", ""i""]"	
MEANING_0111	low_association	1	train	fever	sick	"[""f"", ""iː"", ""v"", ""ə"", ""ɹ""]"	"[""s"", ""ɪ"", ""k""]"	
MEANING_0112	low_association	1	train	fighter	boxer	"[""f"", ""aɪ"", ""t"", ""ə"", ""ɹ""]"	"[""b"", ""ɑ"", ""k"", ""s"", ""ə"", ""ɹ""]"	
MEANING_0113	low_association	1	train	fishing	pole	"[""f"", ""ɪ"", ""ʃ"", ""ɪ"", ""ŋ""]"	"[""p"", ""oʊ"", ""l""]"	
MEANING_0114	low_association	1	train	fur	coat	"[""f"", ""ɜː""]"	"[""k"", ""oʊ"", ""t""]"	
MEANING_0115	low_association	1	train	glide	slide	"[""ɡ"", ""l"", ""aɪ"", ""d""]"	"[""s"", ""l"", ""aɪ"", ""d""]"	
MEANING_0116	low_association	1	train	grasshopper	green	"[""ɡ"", ""ɹ"", ""æ"", ""s"", ""h"", ""ɑ"", ""p"", ""ə"", ""ɹ""]"	"[""ɡ"", ""ɹ"", ""iː"", ""n""]"	
MEANING_0117	low_association	1	train	graze	cow	"[""ɡ"", ""ɹ"", ""eɪ"", ""z""]"	"[""k"", ""aʊ""]"	
MEANING_0118	low_association	1	train	grill	hamburger	"[""ɡ"", ""ɹ"", ""ɪ"", ""l""]"	"[""h"", ""æ"", ""m"", ""b"", ""ɜː"", ""ɡ"", ""ə"", ""ɹ""]"	
MEANING_0119	low_association	1	train	hair	comb	"[""h"", ""ɛ"", ""ɹ""]"	"[""k"", ""oʊ"", ""m""]"	
MEANING_0120	low_association	1	train	handcuffs	cop	"[""h"", ""æ"", ""n"", ""d"", ""k"", ""ʌ"", ""f"", ""s""]"	"[""k"", ""ɑ"", ""p""]"	
MEANING_0121	low_association	1	train	illegal	drugs	"[""ɪ"", ""l"", ""iː"", ""ɡ"", ""ə"", ""l""]"	"[""d"", ""ɹ"", ""ʌ"", ""ɡ"", ""z""]"	
MEANING_0122	low_association	1	train	jaw	shark	"[""d̠ʒ"", ""ɔ""]"	"[""ʃ"", ""ɑ"", ""ɹ"", ""k""]"	
MEANING_0123	low_association	1	train	key	door	"[""k"", ""iː""]"	"[""d"", ""ɔ"", ""ɹ""]"	
MEANING_0124	low_association	1	train	knit	sew	"[""n"", ""ɪ"", ""t""]"	"[""s"", ""oʊ""]"	
MEANING_0125	low_association	1	train	learn	school	"[""l"", ""ɜː"", ""n""]"	"[""s"", ""k"", ""uː"", ""l""]"	
MEANING_0126	low_association	1	train	light	bulb	"[""l"", ""aɪ"", ""t""]"	"[""b"", ""ʌ"", ""l"", ""b""]"	
MEANING_0127	low_association	1	train	lingerie	sexy	"[""l"", ""ɑ"", ""n"", ""ʒ"", ""ə"", ""ɹ"", ""ɹ"", ""eɪ""]"	"[""s"", ""ɛ"", ""k"", ""s"", ""i""]"	unseen_phase1:lingerie
MEANING_0128	low_association	1	train	loaf	lazy	"[""l"", ""oʊ"", ""f""]"	"[""l"", ""eɪ"", ""z"", ""i""]"	
MEANING_0129	low_association	1	train	lock	door	"[""l"", ""ɑ"", ""k""]"	"[""d"", ""ɔ"", ""ɹ""]"	
MEANING_0130	low_association	1	train	mailbox	mail	"[""m"", ""eɪ"", ""l"", ""b"", ""ɑ"", ""k"", ""s""]"	"[""m"", ""eɪ"", ""l""]"	
MEANING_0131	low_association	1	train	maze	puzzle	"[""m"", ""eɪ"", ""z""]"	"[""p"", ""ʌ"", ""z"", ""ə"", ""l""]"	
MEANING_0132	low_association	1	train	midget	small	"[""m"", ""ɪ"", ""d̠ʒ"", ""ɪ"", ""t""]"	"[""s"", ""m"", ""ɔ"", ""l""]"	
MEANING_0133	low_association	1	train	mischief	bad	"[""m"", ""ɪ"", ""s"", ""t̠ʃ"", ""ɪ"", ""f""]"	"[""b"", ""æ"", ""d""]"	
MEANING_0134	low_association	1	train	mop	broom	"[""m"", ""ɑ"", ""p""]"	"[""b"", ""ɹ"", ""uː"", ""m""]"	
MEANING_0135	low_association	1	train	mouth	wash	"[""m"", ""aʊ"", ""θ""]"	"[""w"", ""ɑ"", ""ʃ""]"	
MEANING_0136	low_association	1	train	mug	cup	"[""m"", ""ʌ"", ""ɡ""]"	"[""k"", ""ʌ"", ""p""]"	
MEANING_0137	low_association	1	train	never	ever	"[""n"", ""ɛ"", ""v"", ""ə"", ""ɹ""]"	"[""ɛ"", ""v"", ""ə"", ""ɹ""]"	
MEANING_0138	low_association	1	train	noose	hang	"[""n"", ""uː"", ""s""]"	"[""h"", ""æ"", ""ŋ""]"	unseen_phase1:noose
MEANING_0139	low_association	1	train	pan	pot	"[""p"", ""æ"", ""n""]"	"[""p"", ""ɑ"", ""t""]"	
MEANING_0140	low_association	1	train	patrol	police	"[""p"", ""ə"", ""t"", ""ɹ"", ""oʊ"", ""l""]"	"[""p"", ""ə"", ""l"", ""iː"", ""s""]"	
MEANING_0141	low_association	1	train	plant	green	"[""p"", ""l"", ""æ"", ""n"", ""t""]"	"[""ɡ"", ""ɹ"", ""iː"", ""n""]"	
MEANING_0142	low_association	1	train	priest	church	"[""p"", ""ɹ"", ""iː"", ""s"", ""t""]"	"[""t̠ʃ"", ""ɜː"", ""t̠ʃ""]"	
MEANING_0143	low_association	1	train	protein	meat	"[""p"", ""ɹ"", ""oʊ"", ""t"", ""iː"", ""n""]"	"[""m"", ""iː"", ""t""]"	
MEANING_0144	low_association	1	train	rationalize	think	"[""ɹ"", ""æ"", ""ʃ"", ""ə"", ""n"", ""ə"", ""l"", ""aɪ"", ""z""]"	"[""θ"", ""ɪ"", ""ŋ"", ""k""]"	unseen_phase1:rationalize
MEANING_0145	low_association	1	train	restroom	toilet	"[""ɹ"", ""ɛ"", ""s"", ""t"", ""ɹ"", ""uː"", ""m""]"	"[""t"", ""ɔɪ"", ""l"", ""ɪ"", ""t""]"	
MEANING_0146	low_association	1	train	ring	finger	"[""ɹ"", ""ɪ"", ""ŋ""]"	"[""f"", ""ɪ"", ""ŋ"", ""ɡ"", ""ə"", ""ɹ""]"	
MEANING_0147	low_association	1	train	risk	chance	"[""ɹ"", ""ɪ"", ""s"", ""k""]"	"[""t̠ʃ"", ""æ"", ""n"", ""s""]"	
MEANING_0148	low_association	1	train	rod	reel	"[""ɹ"", ""ɑ"", ""d""]"	"[""ɹ"", ""iː"", ""l""]"	
MEANING_0149	low_association	1	train	seam	sew	"[""s"", ""iː"", ""m""]"	"[""s"", ""oʊ""]"	
MEANING_0150	low_association	1	train	shade	tree	"[""ʃ"", ""eɪ"", ""d""]"	"[""t"", ""ɹ"", ""iː""]"	
MEANING_0151	low_association	1	train	sheep	lamb	"[""ʃ"", ""iː"", ""p""]"	"[""l"", ""æ"", ""m""]"	
MEANING_0152	low_association	1	train	sickle	cell	"[""s"", ""ɪ"", ""k"", ""ə"", ""l""]"	"[""s"", ""ɛ"", ""l""]"	
MEANING_0153	low_association	1	train	sin	wrong	"[""s"", ""ɪ"", ""n""]"	"[""ɹ"", ""ɔ"", ""ŋ""]"	
MEANING_0154	low_association	1	train	sinus	nose	"[""s"", ""aɪ"", ""n"", ""ə"", ""s""]"	"[""n"", ""oʊ"", ""z""]"	
MEANING_0155	low_association	1	train	snotty	snob	"[""s"", ""n"", ""ɑ"", ""t"", ""i""]"	"[""s"", ""n"", ""ɑ"", ""b""]"	unseen_phase1:snob
MEANING_0156	low_association	1	train	spicy	food	"[""s"", ""p"", ""aɪ"", ""s"", ""i""]"	"[""f"", ""uː"", ""d""]"	
MEANING_0157	low_association	1	train	spot	stain	"[""s"", ""p"", ""ɑ"", ""t""]"	"[""s"", ""t"", ""eɪ"", ""n""]"	
MEANING_0158	low_association	1	train	strap	belt	"[""s"", ""t"", ""ɹ"", ""æ"", ""p""]"	"[""b"", ""ɛ"", ""l"", ""t""]"	
MEANING_0159	low_association	1	train	suede	shoes	"[""s"", ""w"", ""eɪ"", ""d""]"	"[""ʃ"", ""uː"", ""z""]"	
MEANING_0160	low_association	1	train	tan	sun	"[""t"", ""æ"", ""n""]"	"[""s"", ""ʌ"", ""n""]"	
MEANING_0161	low_association	1	train	tavern	pub	"[""t"", ""æ"", ""v"", ""ə"", ""ɹ"", ""n""]"	"[""p"", ""ʌ"", ""b""]"	unseen_phase1:pub
MEANING_0162	low_association	1	train	teapot	tea	"[""t"", ""iː"", ""p"", ""ɑ"", ""t""]"	"[""t"", ""iː""]"	
MEANING_0163	low_association	1	train	theft	steal	"[""θ"", ""ɛ"", ""f"", ""t""]"	"[""s"", ""t"", ""iː"", ""l""]"	unseen_phase1:theft
MEANING_0164	low_association	1	train	thumb	finger	"[""θ"", ""ʌ"", ""m""]"	"[""f"", ""ɪ"", ""ŋ"", ""ɡ"", ""ə"", ""ɹ""]"	
MEANING_0165	low_association	1	train	tractor	trailer	"[""t"", ""ɹ"", ""æ"", ""k"", ""t"", ""ə"", ""ɹ""]"	"[""t"", ""ɹ"", ""eɪ"", ""l"", ""ə"", ""ɹ""]"	
MEANING_0166	low_association	1	train	trap	mouse	"[""t"", ""ɹ"", ""æ"", ""p""]"	"[""m"", ""aʊ"", ""s""]"	
MEANING_0167	low_association	1	train	truce	peace	"[""t"", ""ɹ"", ""uː"", ""s""]"	"[""p"", ""iː"", ""s""]"	unseen_phase1:truce
MEANING_0168	low_association	1	train	universe	planet	"[""j"", ""uː"", ""n"", ""ɪ"", ""v"", ""ɜː"", ""s""]"	"[""p"", ""l"", ""æ"", ""n"", ""ɪ"", ""t""]"	
MEANING_0169	low_association	1	train	vegetables	fruit	"[""v"", ""ɛ"", ""d̠ʒ"", ""ɪ"", ""t"", ""ə"", ""b"", ""ə"", ""l"", ""z""]"	"[""f"", ""ɹ"", ""uː"", ""t""]"	
MEANING_0170	low_association	1	train	verdict	decision	"[""v"", ""ɜː"", ""d"", ""ɪ"", ""k"", ""t""]"	"[""d"", ""ɪ"", ""s"", ""ɪ"", ""ʒ"", ""ə"", ""n""]"	unseen_phase1:verdict
MEANING_0171	low_association	1	train	verse	song	"[""v"", ""ɜː"", ""s""]"	"[""s"", ""ɔ"", ""ŋ""]"	
MEANING_0172	low_association	1	train	wedding	bell	"[""w"", ""ɛ"", ""d"", ""ɪ"", ""ŋ""]"	"[""b"", ""ɛ"", ""l""]"	
MEANING_0173	low_association	1	train	week	month	"[""w"", ""iː"", ""k""]"	"[""m"", ""ʌ"", ""n"", ""θ""]"	
MEANING_0174	low_association	1	train	widow	death	"[""w"", ""ɪ"", ""d"", ""oʊ""]"	"[""d"", ""ɛ"", ""θ""]"	
MEANING_0175	low_association	1	train	winding	road	"[""w"", ""aɪ"", ""n"", ""d"", ""ɪ"", ""ŋ""]"	"[""ɹ"", ""oʊ"", ""d""]"	
MEANING_0176	low_association	1	train	wool	sheep	"[""w"", ""ʊ"", ""l""]"	"[""ʃ"", ""iː"", ""p""]"	
MEANING_0177	low_association	1	train	word	sentence	"[""w"", ""ɜː"", ""d""]"	"[""s"", ""ɛ"", ""n"", ""t"", ""ə"", ""n"", ""s""]"	
MEANING_0178	low_association	1	train	worth	money	"[""w"", ""ɜː"", ""θ""]"	"[""m"", ""ʌ"", ""n"", ""i""]"	
MEANING_0179	low_association	1	train	wrist	hand	"[""ɹ"", ""ɪ"", ""s"", ""t""]"	"[""h"", ""æ"", ""n"", ""d""]"	
MEANING_0180	low_association	1	train	writer	author	"[""ɹ"", ""aɪ"", ""t"", ""ə"", ""ɹ""]"	"[""ɔ"", ""θ"", ""ə"", ""ɹ""]"	
MEANING_0181	unrelated	0	train	birthday	beach	"[""b"", ""ɜː"", ""θ"", ""d"", ""eɪ""]"	"[""b"", ""iː"", ""t̠ʃ""]"	
MEANING_0182	unrelated	0	train	birthday	bench	"[""b"", ""ɜː"", ""θ"", ""d"", ""eɪ""]"	"[""b"", ""ɛ"", ""n"", ""t̠ʃ""]"	
MEANING_0183	unrelated	0	train	birthday	have	"[""b"", ""ɜː"", ""θ"", ""d"", ""eɪ""]"	"[""h"", ""æ"", ""v""]"	
MEANING_0184	unrelated	0	train	birthday	made	"[""b"", ""ɜː"", ""θ"", ""d"", ""eɪ""]"	"[""m"", ""eɪ"", ""d""]"	
MEANING_0185	unrelated	0	train	birthday	myth	"[""b"", ""ɜː"", ""θ"", ""d"", ""eɪ""]"	"[""m"", ""ɪ"", ""θ""]"	
MEANING_0186	unrelated	0	train	birthday	pair	"[""b"", ""ɜː"", ""θ"", ""d"", ""eɪ""]"	"[""p"", ""ɛ"", ""ɹ""]"	
MEANING_0187	unrelated	0	train	birthday	pill	"[""b"", ""ɜː"", ""θ"", ""d"", ""eɪ""]"	"[""p"", ""ɪ"", ""l""]"	
MEANING_0188	unrelated	0	train	birthday	treatment	"[""b"", ""ɜː"", ""θ"", ""d"", ""eɪ""]"	"[""t"", ""ɹ"", ""iː"", ""t"", ""m"", ""ə"", ""n"", ""t""]"	
MEANING_0189	unrelated	0	train	blur	advance	"[""b"", ""l"", ""ɜː""]"	"[""ə"", ""d"", ""v"", ""æ"", ""n"", ""s""]"	
MEANING_0190	unrelated	0	train	blur	anatomy	"[""b"", ""l"", ""ɜː""]"	"[""ə"", ""n"", ""æ"", ""t"", ""ə"", ""m"", ""i""]"	
MEANING_0191	unrelated	0	train	blur	cream	"[""b"", ""l"", ""ɜː""]"	"[""k"", ""ɹ"", ""iː"", ""m""]"	
MEANING_0192	unrelated	0	train	blur	fossil	"[""b"", ""l"", ""ɜː""]"	"[""f"", ""ɑ"", ""s"", ""ə"", ""l""]"	
MEANING_0193	unrelated	0	train	blur	satin	"[""b"", ""l"", ""ɜː""]"	"[""s"", ""æ"", ""t"", ""ɪ"", ""n""]"	
MEANING_0194	unrelated	0	train	cards	ahead	"[""k"", ""ɑ"", ""ɹ"", ""d"", ""z""]"	"[""ə"", ""h"", ""ɛ"", ""d""]"	
MEANING_0195	unrelated	0	train	cards	beauty	"[""k"", ""ɑ"", ""ɹ"", ""d"", ""z""]"	"[""b"", ""j"", ""uː"", ""t"", ""i""]"	
MEANING_0196	unrelated	0	train	cards	bubble	"[""k"", ""ɑ"", ""ɹ"", ""d"", ""z""]"	"[""b"", ""ʌ"", ""b"", ""ə"", ""l""]"	
MEANING_0197	unrelated	0	train	cards	bully	"[""k"", ""ɑ"", ""ɹ"", ""d"", ""z""]"	"[""b"", ""ʊ"", ""l"", ""i""]"	
MEANING_0198	unrelated	0	train	cards	clinic	"[""k"", ""ɑ"", ""ɹ"", ""d"", ""z""]"	"[""k"", ""l"", ""ɪ"", ""n"", ""ɪ"", ""k""]"	
MEANING_0199	unrelated	0	train	cards	influence	"[""k"", ""ɑ"", ""ɹ"", ""d"", ""z""]"	"[""ɪ"", ""n"", ""f"", ""l"", ""uː"", ""ə"", ""n"", ""s""]"	
MEANING_0200	unrelated	0	train	cards	seat	"[""k"", ""ɑ"", ""ɹ"", ""d"", ""z""]"	"[""s"", ""iː"", ""t""]"	
MEANING_0201	unrelated	0	train	cards	tragedy	"[""k"", ""ɑ"", ""ɹ"", ""d"", ""z""]"	"[""t"", ""ɹ"", ""æ"", ""d̠ʒ"", ""ə"", ""d"", ""i""]"	
MEANING_0202	unrelated	0	train	clog	drunk	"[""k"", ""l"", ""ɑ"", ""ɡ""]"	"[""d"", ""ɹ"", ""ʌ"", ""ŋ"", ""k""]"	
MEANING_0203	unrelated	0	train	clog	fate	"[""k"", ""l"", ""ɑ"", ""ɡ""]"	"[""f"", ""eɪ"", ""t""]"	
MEANING_0204	unrelated	0	train	clog	heading	"[""k"", ""l"", ""ɑ"", ""ɡ""]"	"[""h"", ""ɛ"", ""d"", ""ɪ"", ""ŋ""]"	
MEANING_0205	unrelated	0	train	clog	looks	"[""k"", ""l"", ""ɑ"", ""ɡ""]"	"[""l"", ""ʊ"", ""k"", ""s""]"	
MEANING_0206	unrelated	0	train	clog	people	"[""k"", ""l"", ""ɑ"", ""ɡ""]"	"[""p"", ""iː"", ""p"", ""ə"", ""l""]"	
MEANING_0207	unrelated	0	train	component	hat	"[""k"", ""ə"", ""m"", ""p"", ""oʊ"", ""n"", ""ə"", ""n"", ""t""]"	"[""h"", ""æ"", ""t""]"	
MEANING_0208	unrelated	0	train	conscious	budget	"[""k"", ""ɑ"", ""n"", ""ʃ"", ""ə"", ""s""]"	"[""b"", ""ʌ"", ""d̠ʒ"", ""ɪ"", ""t""]"	
MEANING_0209	unrelated	0	train	conscious	drugs	"[""k"", ""ɑ"", ""n"", ""ʃ"", ""ə"", ""s""]"	"[""d"", ""ɹ"", ""ʌ"", ""ɡ"", ""z""]"	
MEANING_0210	unrelated	0	train	conscious	solid	"[""k"", ""ɑ"", ""n"", ""ʃ"", ""ə"", ""s""]"	"[""s"", ""ɑ"", ""l"", ""ɪ"", ""d""]"	
MEANING_0211	unrelated	0	train	darkness	bed	"[""d"", ""ɑ"", ""ɹ"", ""k"", ""n"", ""ə"", ""s""]"	"[""b"", ""ɛ"", ""d""]"	
MEANING_0212	unrelated	0	train	darkness	climber	"[""d"", ""ɑ"", ""ɹ"", ""k"", ""n"", ""ə"", ""s""]"	"[""k"", ""l"", ""aɪ"", ""m"", ""ə"", ""ɹ""]"	
MEANING_0213	unrelated	0	train	darkness	jug	"[""d"", ""ɑ"", ""ɹ"", ""k"", ""n"", ""ə"", ""s""]"	"[""d̠ʒ"", ""ʌ"", ""ɡ""]"	
MEANING_0214	unrelated	0	train	darkness	ounce	"[""d"", ""ɑ"", ""ɹ"", ""k"", ""n"", ""ə"", ""s""]"	"[""aʊ"", ""n"", ""s""]"	
MEANING_0215	unrelated	0	train	darkness	pot	"[""d"", ""ɑ"", ""ɹ"", ""k"", ""n"", ""ə"", ""s""]"	"[""p"", ""ɑ"", ""t""]"	
MEANING_0216	unrelated	0	train	darkness	wife	"[""d"", ""ɑ"", ""ɹ"", ""k"", ""n"", ""ə"", ""s""]"	"[""w"", ""aɪ"", ""f""]"	
MEANING_0217	unrelated	0	train	diaper	cannon	"[""d"", ""aɪ"", ""p"", ""ə"", ""ɹ""]"	"[""k"", ""æ"", ""n"", ""ə"", ""n""]"	
MEANING_0218	unrelated	0	train	diaper	fate	"[""d"", ""aɪ"", ""p"", ""ə"", ""ɹ""]"	"[""f"", ""eɪ"", ""t""]"	
MEANING_0219	unrelated	0	train	diaper	hula	"[""d"", ""aɪ"", ""p"", ""ə"", ""ɹ""]"	"[""h"", ""uː"", ""l"", ""ə""]"	
MEANING_0220	unrelated	0	train	diaper	shame	"[""d"", ""aɪ"", ""p"", ""ə"", ""ɹ""]"	"[""ʃ"", ""eɪ"", ""m""]"	
MEANING_0221	unrelated	0	train	diaper	vain	"[""d"", ""aɪ"", ""p"", ""ə"", ""ɹ""]"	"[""v"", ""eɪ"", ""n""]"	
MEANING_0222	unrelated	0	train	diaper	wed	"[""d"", ""aɪ"", ""p"", ""ə"", ""ɹ""]"	"[""w"", ""ɛ"", ""d""]"	
MEANING_0223	unrelated	0	train	diaper	widow	"[""d"", ""aɪ"", ""p"", ""ə"", ""ɹ""]"	"[""w"", ""ɪ"", ""d"", ""oʊ""]"	
MEANING_0224	unrelated	0	train	diaper	wrong	"[""d"", ""aɪ"", ""p"", ""ə"", ""ɹ""]"	"[""ɹ"", ""ɔ"", ""ŋ""]"	
MEANING_0225	unrelated	0	train	electrician	kid	"[""ɪ"", ""l"", ""ɛ"", ""k"", ""t"", ""ɹ"", ""ɪ"", ""ʃ"", ""ə"", ""n""]"	"[""k"", ""ɪ"", ""d""]"	
MEANING_0226	unrelated	0	train	fancy	ham	"[""f"", ""æ"", ""n"", ""s"", ""i""]"	"[""h"", ""æ"", ""m""]"	
MEANING_0227	unrelated	0	train	fancy	police	"[""f"", ""æ"", ""n"", ""s"", ""i""]"	"[""p"", ""ə"", ""l"", ""iː"", ""s""]"	
MEANING_0228	unrelated	0	train	fancy	temple	"[""f"", ""æ"", ""n"", ""s"", ""i""]"	"[""t"", ""ɛ"", ""m"", ""p"", ""ə"", ""l""]"	
MEANING_0229	unrelated	0	train	flask	bite	"[""f"", ""l"", ""æ"", ""s"", ""k""]"	"[""b"", ""aɪ"", ""t""]"	
MEANING_0230	unrelated	0	train	flask	doll	"[""f"", ""l"", ""æ"", ""s"", ""k""]"	"[""d"", ""ɑ"", ""l""]"	
MEANING_0231	unrelated	0	train	flask	noon	"[""f"", ""l"", ""æ"", ""s"", ""k""]"	"[""n"", ""uː"", ""n""]"	
MEANING_0232	unrelated	0	train	flask	picnic	"[""f"", ""l"", ""æ"", ""s"", ""k""]"	"[""p"", ""ɪ"", ""k"", ""n"", ""ɪ"", ""k""]"	
MEANING_0233	unrelated	0	train	garage	anything	"[""ɡ"", ""ə"", ""ɹ"", ""ɹ"", ""ɑ"", ""ʒ""]"	"[""ɛ"", ""n"", ""ɪ"", ""θ"", ""ɪ"", ""ŋ""]"	
MEANING_0234	unrelated	0	train	garage	ass	"[""ɡ"", ""ə"", ""ɹ"", ""ɹ"", ""ɑ"", ""ʒ""]"	"[""æ"", ""s""]"	
MEANING_0235	unrelated	0	train	garage	carton	"[""ɡ"", ""ə"", ""ɹ"", ""ɹ"", ""ɑ"", ""ʒ""]"	"[""k"", ""ɑ"", ""ɹ"", ""t"", ""ə"", ""n""]"	
MEANING_0236	unrelated	0	train	garage	correct	"[""ɡ"", ""ə"", ""ɹ"", ""ɹ"", ""ɑ"", ""ʒ""]"	"[""k"", ""ə"", ""ɹ"", ""ɹ"", ""ɛ"", ""k"", ""t""]"	
MEANING_0237	unrelated	0	train	garage	hungry	"[""ɡ"", ""ə"", ""ɹ"", ""ɹ"", ""ɑ"", ""ʒ""]"	"[""h"", ""ʌ"", ""ŋ"", ""ɡ"", ""ɹ"", ""i""]"	
MEANING_0238	unrelated	0	train	garage	march	"[""ɡ"", ""ə"", ""ɹ"", ""ɹ"", ""ɑ"", ""ʒ""]"	"[""m"", ""ɑ"", ""ɹ"", ""t̠ʃ""]"	
MEANING_0239	unrelated	0	train	garage	need	"[""ɡ"", ""ə"", ""ɹ"", ""ɹ"", ""ɑ"", ""ʒ""]"	"[""n"", ""iː"", ""d""]"	
MEANING_0240	unrelated	0	train	garage	pail	"[""ɡ"", ""ə"", ""ɹ"", ""ɹ"", ""ɑ"", ""ʒ""]"	"[""p"", ""eɪ"", ""l""]"	
MEANING_0241	unrelated	0	train	garage	sole	"[""ɡ"", ""ə"", ""ɹ"", ""ɹ"", ""ɑ"", ""ʒ""]"	"[""s"", ""oʊ"", ""l""]"	
MEANING_0242	unrelated	0	train	garage	squash	"[""ɡ"", ""ə"", ""ɹ"", ""ɹ"", ""ɑ"", ""ʒ""]"	"[""s"", ""k"", ""w"", ""ɑ"", ""ʃ""]"	
MEANING_0243	unrelated	0	train	horse	accurate	"[""h"", ""ɔ"", ""ɹ"", ""s""]"	"[""æ"", ""k"", ""j"", ""ʊ"", ""ɹ"", ""ə"", ""t""]"	
MEANING_0244	unrelated	0	train	horse	flash	"[""h"", ""ɔ"", ""ɹ"", ""s""]"	"[""f"", ""l"", ""æ"", ""ʃ""]"	
MEANING_0245	unrelated	0	train	horse	leaves	"[""h"", ""ɔ"", ""ɹ"", ""s""]"	"[""l"", ""iː"", ""v"", ""z""]"	
MEANING_0246	unrelated	0	train	horse	mastery	"[""h"", ""ɔ"", ""ɹ"", ""s""]"	"[""m"", ""æ"", ""s"", ""t"", ""ə"", ""ɹ"", ""ɹ"", ""i""]"	unseen_phase1:mastery
MEANING_0247	unrelated	0	train	horse	press	"[""h"", ""ɔ"", ""ɹ"", ""s""]"	"[""p"", ""ɹ"", ""ɛ"", ""s""]"	
MEANING_0248	unrelated	0	train	horse	salute	"[""h"", ""ɔ"", ""ɹ"", ""s""]"	"[""s"", ""ə"", ""l"", ""uː"", ""t""]"	
MEANING_0249	unrelated	0	train	horse	sand	"[""h"", ""ɔ"", ""ɹ"", ""s""]"	"[""s"", ""æ"", ""n"", ""d""]"	
MEANING_0250	unrelated	0	train	horse	solution	"[""h"", ""ɔ"", ""ɹ"", ""s""]"	"[""s"", ""ə"", ""l"", ""uː"", ""ʃ"", ""ə"", ""n""]"	
MEANING_0251	unrelated	0	train	malaria	belong	"[""m"", ""æ"", ""l"", ""ɛ"", ""ɹ"", ""iə""]"	"[""b"", ""ɪ"", ""l"", ""ɔ"", ""ŋ""]"	unseen_phase1:malaria
MEANING_0252	unrelated	0	train	malaria	follow	"[""m"", ""æ"", ""l"", ""ɛ"", ""ɹ"", ""iə""]"	"[""f"", ""ɑ"", ""l"", ""oʊ""]"	unseen_phase1:malaria
MEANING_0253	unrelated	0	train	malaria	snatch	"[""m"", ""æ"", ""l"", ""ɛ"", ""ɹ"", ""iə""]"	"[""s"", ""n"", ""æ"", ""t̠ʃ""]"	unseen_phase1:malaria
MEANING_0254	unrelated	0	train	neck	beg	"[""n"", ""ɛ"", ""k""]"	"[""b"", ""ɛ"", ""ɡ""]"	
MEANING_0255	unrelated	0	train	neck	blush	"[""n"", ""ɛ"", ""k""]"	"[""b"", ""l"", ""ʌ"", ""ʃ""]"	
MEANING_0256	unrelated	0	train	neck	crack	"[""n"", ""ɛ"", ""k""]"	"[""k"", ""ɹ"", ""æ"", ""k""]"	
MEANING_0257	unrelated	0	train	neck	cute	"[""n"", ""ɛ"", ""k""]"	"[""k"", ""j"", ""uː"", ""t""]"	
MEANING_0258	unrelated	0	train	neck	kidnap	"[""n"", ""ɛ"", ""k""]"	"[""k"", ""ɪ"", ""d"", ""n"", ""æ"", ""p""]"	
MEANING_0259	unrelated	0	train	neck	league	"[""n"", ""ɛ"", ""k""]"	"[""l"", ""iː"", ""ɡ""]"	
MEANING_0260	unrelated	0	train	neck	moat	"[""n"", ""ɛ"", ""k""]"	"[""m"", ""oʊ"", ""t""]"	
MEANING_0261	unrelated	0	train	neck	motor	"[""n"", ""ɛ"", ""k""]"	"[""m"", ""oʊ"", ""t"", ""ə"", ""ɹ""]"	
MEANING_0262	unrelated	0	train	neck	siren	"[""n"", ""ɛ"", ""k""]"	"[""s"", ""aɪ"", ""ɹ"", ""ə"", ""n""]"	
MEANING_0263	unrelated	0	train	neck	used	"[""n"", ""ɛ"", ""k""]"	"[""j"", ""uː"", ""z"", ""d""]"	
MEANING_0264	unrelated	0	train	pay	alternative	"[""p"", ""eɪ""]"	"[""ɔ"", ""l"", ""t"", ""ɜː"", ""n"", ""ə"", ""t"", ""ɪ"", ""v""]"	
MEANING_0265	unrelated	0	train	pay	blood	"[""p"", ""eɪ""]"	"[""b"", ""l"", ""ʌ"", ""d""]"	
MEANING_0266	unrelated	0	train	pay	decay	"[""p"", ""eɪ""]"	"[""d"", ""ɪ"", ""k"", ""eɪ""]"	unseen_phase1:decay
MEANING_0267	unrelated	0	train	pay	feather	"[""p"", ""eɪ""]"	"[""f"", ""ɛ"", ""ð"", ""ə"", ""ɹ""]"	
MEANING_0268	unrelated	0	train	pay	games	"[""p"", ""eɪ""]"	"[""ɡ"", ""eɪ"", ""m"", ""z""]"	
MEANING_0269	unrelated	0	train	pay	gray	"[""p"", ""eɪ""]"	"[""ɡ"", ""ɹ"", ""eɪ""]"	
MEANING_0270	unrelated	0	train	pay	hose	"[""p"", ""eɪ""]"	"[""h"", ""oʊ"", ""z""]"	
MEANING_0271	unrelated	0	train	pay	identity	"[""p"", ""eɪ""]"	"[""aɪ"", ""d"", ""ɛ"", ""n"", ""t"", ""ɪ"", ""t"", ""i""]"	
MEANING_0272	unrelated	0	train	pay	litter	"[""p"", ""eɪ""]"	"[""l"", ""ɪ"", ""t"", ""ə"", ""ɹ""]"	
MEANING_0273	unrelated	0	train	pay	mint	"[""p"", ""eɪ""]"	"[""m"", ""ɪ"", ""n"", ""t""]"	
MEANING_0274	unrelated	0	train	pay	mix	"[""p"", ""eɪ""]"	"[""m"", ""ɪ"", ""k"", ""s""]"	
MEANING_0275	unrelated	0	train	pay	passenger	"[""p"", ""eɪ""]"	"[""p"", ""æ"", ""s"", ""ɪ"", ""n"", ""d̠ʒ"", ""ə"", ""ɹ""]"	
MEANING_0276	unrelated	0	train	pay	room	"[""p"", ""eɪ""]"	"[""ɹ"", ""uː"", ""m""]"	
MEANING_0277	unrelated	0	train	pay	student	"[""p"", ""eɪ""]"	"[""s"", ""t"", ""uː"", ""d"", ""ə"", ""n"", ""t""]"	
MEANING_0278	unrelated	0	train	pull	airport	"[""p"", ""ʊ"", ""l""]"	"[""ɛ"", ""ɹ"", ""p"", ""ɔ"", ""ɹ"", ""t""]"	
MEANING_0279	unrelated	0	train	pull	asphalt	"[""p"", ""ʊ"", ""l""]"	"[""æ"", ""s"", ""f"", ""ɔ"", ""l"", ""t""]"	
MEANING_0280	unrelated	0	train	pull	copper	"[""p"", ""ʊ"", ""l""]"	"[""k"", ""ɑ"", ""p"", ""ə"", ""ɹ""]"	
MEANING_0281	unrelated	0	train	pull	goose	"[""p"", ""ʊ"", ""l""]"	"[""ɡ"", ""uː"", ""s""]"	
MEANING_0282	unrelated	0	train	pull	rank	"[""p"", ""ʊ"", ""l""]"	"[""ɹ"", ""æ"", ""ŋ"", ""k""]"	
MEANING_0283	unrelated	0	train	pull	stamp	"[""p"", ""ʊ"", ""l""]"	"[""s"", ""t"", ""æ"", ""m"", ""p""]"	
MEANING_0284	unrelated	0	train	pull	tendency	"[""p"", ""ʊ"", ""l""]"	"[""t"", ""ɛ"", ""n"", ""d"", ""ə"", ""n"", ""s"", ""i""]"	
MEANING_0285	unrelated	0	train	racket	ambulance	"[""ɹ"", ""æ"", ""k"", ""ɪ"", ""t""]"	"[""æ"", ""m"", ""b"", ""j"", ""ʊ"", ""l"", ""ə"", ""n"", ""s""]"	
MEANING_0286	unrelated	0	train	racket	coast	"[""ɹ"", ""æ"", ""k"", ""ɪ"", ""t""]"	"[""k"", ""oʊ"", ""s"", ""t""]"	
MEANING_0287	unrelated	0	train	racket	court	"[""ɹ"", ""æ"", ""k"", ""ɪ"", ""t""]"	"[""k"", ""ɔ"", ""ɹ"", ""t""]"	
MEANING_0288	unrelated	0	train	racket	crib	"[""ɹ"", ""æ"", ""k"", ""ɪ"", ""t""]"	"[""k"", ""ɹ"", ""ɪ"", ""b""]"	
MEANING_0289	unrelated	0	train	racket	full	"[""ɹ"", ""æ"", ""k"", ""ɪ"", ""t""]"	"[""f"", ""ʊ"", ""l""]"	
MEANING_0290	unrelated	0	train	racket	horse	"[""ɹ"", ""æ"", ""k"", ""ɪ"", ""t""]"	"[""h"", ""ɔ"", ""ɹ"", ""s""]"	
MEANING_0291	unrelated	0	train	racket	loose	"[""ɹ"", ""æ"", ""k"", ""ɪ"", ""t""]"	"[""l"", ""uː"", ""s""]"	
MEANING_0292	unrelated	0	train	racket	wolf	"[""ɹ"", ""æ"", ""k"", ""ɪ"", ""t""]"	"[""w"", ""ʊ"", ""l"", ""f""]"	
MEANING_0293	unrelated	0	train	rest	ambulance	"[""ɹ"", ""ɛ"", ""s"", ""t""]"	"[""æ"", ""m"", ""b"", ""j"", ""ʊ"", ""l"", ""ə"", ""n"", ""s""]"	
MEANING_0294	unrelated	0	train	rest	cord	"[""ɹ"", ""ɛ"", ""s"", ""t""]"	"[""k"", ""ɔ"", ""ɹ"", ""d""]"	
MEANING_0295	unrelated	0	train	rest	figure	"[""ɹ"", ""ɛ"", ""s"", ""t""]"	"[""f"", ""ɪ"", ""ɡ"", ""j"", ""ə"", ""ɹ""]"	
MEANING_0296	unrelated	0	train	rest	gain	"[""ɹ"", ""ɛ"", ""s"", ""t""]"	"[""ɡ"", ""eɪ"", ""n""]"	
MEANING_0297	unrelated	0	train	rest	hell	"[""ɹ"", ""ɛ"", ""s"", ""t""]"	"[""h"", ""ɛ"", ""l""]"	
MEANING_0298	unrelated	0	train	rest	knob	"[""ɹ"", ""ɛ"", ""s"", ""t""]"	"[""n"", ""ɑ"", ""b""]"	
MEANING_0299	unrelated	0	train	rest	lick	"[""ɹ"", ""ɛ"", ""s"", ""t""]"	"[""l"", ""ɪ"", ""k""]"	
MEANING_0300	unrelated	0	train	rest	obsession	"[""ɹ"", ""ɛ"", ""s"", ""t""]"	"[""ə"", ""b"", ""s"", ""ɛ"", ""ʃ"", ""ə"", ""n""]"	
MEANING_0301	unrelated	0	train	rest	society	"[""ɹ"", ""ɛ"", ""s"", ""t""]"	"[""s"", ""ə"", ""s"", ""aɪ"", ""ə"", ""t"", ""i""]"	
MEANING_0302	unrelated	0	train	rest	subway	"[""ɹ"", ""ɛ"", ""s"", ""t""]"	"[""s"", ""ʌ"", ""b"", ""w"", ""eɪ""]"	
MEANING_0303	unrelated	0	train	rest	think	"[""ɹ"", ""ɛ"", ""s"", ""t""]"	"[""θ"", ""ɪ"", ""ŋ"", ""k""]"	
MEANING_0304	unrelated	0	train	rim	anger	"[""ɹ"", ""ɪ"", ""m""]"	"[""æ"", ""ŋ"", ""ɡ"", ""ə"", ""ɹ""]"	
MEANING_0305	unrelated	0	train	rim	elegant	"[""ɹ"", ""ɪ"", ""m""]"	"[""ɛ"", ""l"", ""ɪ"", ""ɡ"", ""ə"", ""n"", ""t""]"	
MEANING_0306	unrelated	0	train	rim	graph	"[""ɹ"", ""ɪ"", ""m""]"	"[""ɡ"", ""ɹ"", ""æ"", ""f""]"	
MEANING_0307	unrelated	0	train	rim	haul	"[""ɹ"", ""ɪ"", ""m""]"	"[""h"", ""ɔ"", ""l""]"	
MEANING_0308	unrelated	0	train	rim	haven	"[""ɹ"", ""ɪ"", ""m""]"	"[""h"", ""eɪ"", ""v"", ""ə"", ""n""]"	
MEANING_0309	unrelated	0	train	rim	rodeo	"[""ɹ"", ""ɪ"", ""m""]"	"[""ɹ"", ""oʊ"", ""d"", ""ɪ"", ""oʊ""]"	
MEANING_0310	unrelated	0	train	rim	waitress	"[""ɹ"", ""ɪ"", ""m""]"	"[""w"", ""eɪ"", ""t"", ""ɹ"", ""ə"", ""s""]"	
MEANING_0311	unrelated	0	train	rim	youth	"[""ɹ"", ""ɪ"", ""m""]"	"[""j"", ""uː"", ""θ""]"	
MEANING_0312	unrelated	0	train	school	boot	"[""s"", ""k"", ""uː"", ""l""]"	"[""b"", ""uː"", ""t""]"	
MEANING_0313	unrelated	0	train	school	cross	"[""s"", ""k"", ""uː"", ""l""]"	"[""k"", ""ɹ"", ""ɔ"", ""s""]"	
MEANING_0314	unrelated	0	train	school	done	"[""s"", ""k"", ""uː"", ""l""]"	"[""d"", ""ʌ"", ""n""]"	
MEANING_0315	unrelated	0	train	school	driver	"[""s"", ""k"", ""uː"", ""l""]"	"[""d"", ""ɹ"", ""aɪ"", ""v"", ""ə"", ""ɹ""]"	
MEANING_0316	unrelated	0	train	school	frog	"[""s"", ""k"", ""uː"", ""l""]"	"[""f"", ""ɹ"", ""ɑ"", ""ɡ""]"	
MEANING_0317	unrelated	0	train	school	manner	"[""s"", ""k"", ""uː"", ""l""]"	"[""m"", ""æ"", ""n"", ""ə"", ""ɹ""]"	
MEANING_0318	unrelated	0	train	school	moment	"[""s"", ""k"", ""uː"", ""l""]"	"[""m"", ""oʊ"", ""m"", ""ə"", ""n"", ""t""]"	
MEANING_0319	unrelated	0	train	school	sneaky	"[""s"", ""k"", ""uː"", ""l""]"	"[""s"", ""n"", ""iː"", ""k"", ""i""]"	
MEANING_0320	unrelated	0	train	school	tower	"[""s"", ""k"", ""uː"", ""l""]"	"[""t"", ""aʊ"", ""ə"", ""ɹ""]"	
MEANING_0321	unrelated	0	train	school	trap	"[""s"", ""k"", ""uː"", ""l""]"	"[""t"", ""ɹ"", ""æ"", ""p""]"	
MEANING_0322	unrelated	0	train	server	baseball	"[""s"", ""ɜː"", ""v"", ""ə"", ""ɹ""]"	"[""b"", ""eɪ"", ""s"", ""b"", ""ɔ"", ""l""]"	
MEANING_0323	unrelated	0	train	server	dam	"[""s"", ""ɜː"", ""v"", ""ə"", ""ɹ""]"	"[""d"", ""æ"", ""m""]"	
MEANING_0324	unrelated	0	train	server	exact	"[""s"", ""ɜː"", ""v"", ""ə"", ""ɹ""]"	"[""ɛ"", ""ɡ"", ""z"", ""æ"", ""k"", ""t""]"	
MEANING_0325	unrelated	0	train	server	make	"[""s"", ""ɜː"", ""v"", ""ə"", ""ɹ""]"	"[""m"", ""eɪ"", ""k""]"	
MEANING_0326	unrelated	0	train	server	minus	"[""s"", ""ɜː"", ""v"", ""ə"", ""ɹ""]"	"[""m"", ""aɪ"", ""n"", ""ə"", ""s""]"	
MEANING_0327	unrelated	0	train	server	sermon	"[""s"", ""ɜː"", ""v"", ""ə"", ""ɹ""]"	"[""s"", ""ɜː"", ""m"", ""ə"", ""n""]"	unseen_phase1:sermon
MEANING_0328	unrelated	0	train	snob	behind	"[""s"", ""n"", ""ɑ"", ""b""]"	"[""b"", ""ɪ"", ""h"", ""aɪ"", ""n"", ""d""]"	unseen_phase1:snob
MEANING_0329	unrelated	0	train	snob	canoe	"[""s"", ""n"", ""ɑ"", ""b""]"	"[""k"", ""ə"", ""n"", ""uː""]"	unseen_phase1:snob
MEANING_0330	unrelated	0	train	snob	fell	"[""s"", ""n"", ""ɑ"", ""b""]"	"[""f"", ""ɛ"", ""l""]"	unseen_phase1:snob
MEANING_0331	unrelated	0	train	snob	fishing	"[""s"", ""n"", ""ɑ"", ""b""]"	"[""f"", ""ɪ"", ""ʃ"", ""ɪ"", ""ŋ""]"	unseen_phase1:snob
MEANING_0332	unrelated	0	train	snob	outgoing	"[""s"", ""n"", ""ɑ"", ""b""]"	"[""aʊ"", ""t"", ""ɡ"", ""oʊ"", ""ɪ"", ""ŋ""]"	unseen_phase1:snob
MEANING_0333	unrelated	0	train	snob	salmon	"[""s"", ""n"", ""ɑ"", ""b""]"	"[""s"", ""æ"", ""m"", ""ə"", ""n""]"	unseen_phase1:snob
MEANING_0334	unrelated	0	train	snob	snack	"[""s"", ""n"", ""ɑ"", ""b""]"	"[""s"", ""n"", ""æ"", ""k""]"	unseen_phase1:snob
MEANING_0335	unrelated	0	train	store	cent	"[""s"", ""t"", ""ɔ"", ""ɹ""]"	"[""s"", ""ɛ"", ""n"", ""t""]"	
MEANING_0336	unrelated	0	train	store	engage	"[""s"", ""t"", ""ɔ"", ""ɹ""]"	"[""ɛ"", ""ŋ"", ""ɡ"", ""eɪ"", ""d̠ʒ""]"	
MEANING_0337	unrelated	0	train	store	hang	"[""s"", ""t"", ""ɔ"", ""ɹ""]"	"[""h"", ""æ"", ""ŋ""]"	
MEANING_0338	unrelated	0	train	store	muscle	"[""s"", ""t"", ""ɔ"", ""ɹ""]"	"[""m"", ""ʌ"", ""s"", ""ə"", ""l""]"	
MEANING_0339	unrelated	0	train	store	yummy	"[""s"", ""t"", ""ɔ"", ""ɹ""]"	"[""j"", ""ʌ"", ""m"", ""i""]"	
MEANING_0340	unrelated	0	train	trot	fountain	"[""t"", ""ɹ"", ""ɑ"", ""t""]"	"[""f"", ""aʊ"", ""n"", ""t"", ""ɪ"", ""n""]"	
MEANING_0341	unrelated	0	train	trot	hormones	"[""t"", ""ɹ"", ""ɑ"", ""t""]"	"[""h"", ""ɔ"", ""ɹ"", ""m"", ""oʊ"", ""n"", ""z""]"	
MEANING_0342	unrelated	0	train	trot	rope	"[""t"", ""ɹ"", ""ɑ"", ""t""]"	"[""ɹ"", ""oʊ"", ""p""]"	
MEANING_0343	unrelated	0	train	trot	warmth	"[""t"", ""ɹ"", ""ɑ"", ""t""]"	"[""w"", ""ɔ"", ""ɹ"", ""m"", ""θ""]"	
MEANING_0344	unrelated	0	train	upstairs	pepper	"[""ʌ"", ""p"", ""s"", ""t"", ""ɛ"", ""ɹ"", ""z""]"	"[""p"", ""ɛ"", ""p"", ""ə"", ""ɹ""]"	
MEANING_0345	unrelated	0	train	upstairs	price	"[""ʌ"", ""p"", ""s"", ""t"", ""ɛ"", ""ɹ"", ""z""]"	"[""p"", ""ɹ"", ""aɪ"", ""s""]"	
MEANING_0346	unrelated	0	train	wary	ending	"[""w"", ""ɛ"", ""ɹ"", ""i""]"	"[""ɛ"", ""n"", ""d"", ""ɪ"", ""ŋ""]"	
MEANING_0347	unrelated	0	train	wary	gavel	"[""w"", ""ɛ"", ""ɹ"", ""i""]"	"[""ɡ"", ""æ"", ""v"", ""ə"", ""l""]"	
MEANING_0348	unrelated	0	train	wary	patient	"[""w"", ""ɛ"", ""ɹ"", ""i""]"	"[""p"", ""eɪ"", ""ʃ"", ""ə"", ""n"", ""t""]"	
MEANING_0349	unrelated	0	train	wary	piston	"[""w"", ""ɛ"", ""ɹ"", ""i""]"	"[""p"", ""ɪ"", ""s"", ""t"", ""ə"", ""n""]"	unseen_phase1:piston
MEANING_0350	unrelated	0	train	wave	abundance	"[""w"", ""eɪ"", ""v""]"	"[""ə"", ""b"", ""ʌ"", ""n"", ""d"", ""ə"", ""n"", ""s""]"	
MEANING_0351	unrelated	0	train	wave	bird	"[""w"", ""eɪ"", ""v""]"	"[""b"", ""ɜː"", ""d""]"	
MEANING_0352	unrelated	0	train	wave	cheat	"[""w"", ""eɪ"", ""v""]"	"[""t̠ʃ"", ""iː"", ""t""]"	
MEANING_0353	unrelated	0	train	wave	dress	"[""w"", ""eɪ"", ""v""]"	"[""d"", ""ɹ"", ""ɛ"", ""s""]"	
MEANING_0354	unrelated	0	train	wave	girls	"[""w"", ""eɪ"", ""v""]"	"[""ɡ"", ""ɜː"", ""l"", ""z""]"	
MEANING_0355	unrelated	0	train	wave	hem	"[""w"", ""eɪ"", ""v""]"	"[""h"", ""ɛ"", ""m""]"	
MEANING_0356	unrelated	0	train	wave	island	"[""w"", ""eɪ"", ""v""]"	"[""aɪ"", ""l"", ""ə"", ""n"", ""d""]"	
MEANING_0357	unrelated	0	train	wave	lash	"[""w"", ""eɪ"", ""v""]"	"[""l"", ""æ"", ""ʃ""]"	
MEANING_0358	unrelated	0	train	wave	nylon	"[""w"", ""eɪ"", ""v""]"	"[""n"", ""aɪ"", ""l"", ""ɑ"", ""n""]"	
MEANING_0359	unrelated	0	train	wave	stranger	"[""w"", ""eɪ"", ""v""]"	"[""s"", ""t"", ""ɹ"", ""eɪ"", ""n"", ""d̠ʒ"", ""ə"", ""ɹ""]"	
MEANING_0360	unrelated	0	train	wave	tart	"[""w"", ""eɪ"", ""v""]"	"[""t"", ""ɑ"", ""ɹ"", ""t""]"	
MEANING_0361	high_association	1	validation	arms	legs	"[""ɑ"", ""ɹ"", ""m"", ""z""]"	"[""l"", ""ɛ"", ""ɡ"", ""z""]"	
MEANING_0362	high_association	1	validation	battle	war	"[""b"", ""æ"", ""t"", ""ə"", ""l""]"	"[""w"", ""ɔ"", ""ɹ""]"	
MEANING_0363	high_association	1	validation	blouse	shirt	"[""b"", ""l"", ""aʊ"", ""z""]"	"[""ʃ"", ""ɜː"", ""t""]"	
MEANING_0364	high_association	1	validation	cavity	tooth	"[""k"", ""æ"", ""v"", ""ɪ"", ""t"", ""i""]"	"[""t"", ""uː"", ""θ""]"	
MEANING_0365	high_association	1	validation	circus	clown	"[""s"", ""ɜː"", ""k"", ""ə"", ""s""]"	"[""k"", ""l"", ""aʊ"", ""n""]"	
MEANING_0366	high_association	1	validation	disagree	argue	"[""d"", ""ɪ"", ""s"", ""ə"", ""ɡ"", ""ɹ"", ""iː""]"	"[""ɑ"", ""ɹ"", ""ɡ"", ""j"", ""uː""]"	
MEANING_0367	high_association	1	validation	flight	airplane	"[""f"", ""l"", ""aɪ"", ""t""]"	"[""ɛ"", ""ɹ"", ""p"", ""l"", ""eɪ"", ""n""]"	
MEANING_0368	high_association	1	validation	frosting	cake	"[""f"", ""ɹ"", ""ɔ"", ""s"", ""t"", ""ɪ"", ""ŋ""]"	"[""k"", ""eɪ"", ""k""]"	
MEANING_0369	high_association	1	validation	giggle	laugh	"[""ɡ"", ""ɪ"", ""ɡ"", ""ə"", ""l""]"	"[""l"", ""æ"", ""f""]"	
MEANING_0370	high_association	1	validation	inexpensive	cheap	"[""ɪ"", ""n"", ""ɛ"", ""k"", ""s"", ""p"", ""ɛ"", ""n"", ""s"", ""ɪ"", ""v""]"	"[""t̠ʃ"", ""iː"", ""p""]"	
MEANING_0371	high_association	1	validation	instruct	teach	"[""ɪ"", ""n"", ""s"", ""t"", ""ɹ"", ""ʌ"", ""k"", ""t""]"	"[""t"", ""iː"", ""t̠ʃ""]"	unseen_phase1:instruct
MEANING_0372	high_association	1	validation	known	unknown	"[""n"", ""oʊ"", ""n""]"	"[""ʌ"", ""n"", ""n"", ""oʊ"", ""n""]"	
MEANING_0373	high_association	1	validation	legs	arms	"[""l"", ""ɛ"", ""ɡ"", ""z""]"	"[""ɑ"", ""ɹ"", ""m"", ""z""]"	
MEANING_0374	high_association	1	validation	moist	wet	"[""m"", ""ɔɪ"", ""s"", ""t""]"	"[""w"", ""ɛ"", ""t""]"	
MEANING_0375	high_association	1	validation	neighbor	friend	"[""n"", ""eɪ"", ""b"", ""ə"", ""ɹ""]"	"[""f"", ""ɹ"", ""ɛ"", ""n"", ""d""]"	
MEANING_0376	high_association	1	validation	newsstand	paper	"[""n"", ""uː"", ""z"", ""s"", ""t"", ""æ"", ""n"", ""d""]"	"[""p"", ""eɪ"", ""p"", ""ə"", ""ɹ""]"	unseen_phase1:newsstand
MEANING_0377	high_association	1	validation	rejoice	happy	"[""ɹ"", ""ɪ"", ""d̠ʒ"", ""ɔɪ"", ""s""]"	"[""h"", ""æ"", ""p"", ""i""]"	
MEANING_0378	high_association	1	validation	reptile	snake	"[""ɹ"", ""ɛ"", ""p"", ""t"", ""aɪ"", ""l""]"	"[""s"", ""n"", ""eɪ"", ""k""]"	
MEANING_0379	high_association	1	validation	smooth	rough	"[""s"", ""m"", ""uː"", ""ð""]"	"[""ɹ"", ""ʌ"", ""f""]"	
MEANING_0380	high_association	1	validation	spool	thread	"[""s"", ""p"", ""uː"", ""l""]"	"[""θ"", ""ɹ"", ""ɛ"", ""d""]"	
MEANING_0381	high_association	1	validation	stench	smell	"[""s"", ""t"", ""ɛ"", ""n"", ""t̠ʃ""]"	"[""s"", ""m"", ""ɛ"", ""l""]"	
MEANING_0382	high_association	1	validation	steps	stairs	"[""s"", ""t"", ""ɛ"", ""p"", ""s""]"	"[""s"", ""t"", ""ɛ"", ""ɹ"", ""z""]"	
MEANING_0383	high_association	1	validation	suds	soap	"[""s"", ""ʌ"", ""d"", ""z""]"	"[""s"", ""oʊ"", ""p""]"	
MEANING_0384	high_association	1	validation	taxi	cab	"[""t"", ""æ"", ""k"", ""s"", ""i""]"	"[""k"", ""æ"", ""b""]"	
MEANING_0385	high_association	1	validation	wag	tail	"[""w"", ""æ"", ""ɡ""]"	"[""t"", ""eɪ"", ""l""]"	
MEANING_0386	low_association	1	validation	achievement	success	"[""ə"", ""t̠ʃ"", ""iː"", ""v"", ""m"", ""ə"", ""n"", ""t""]"	"[""s"", ""ə"", ""k"", ""s"", ""ɛ"", ""s""]"	
MEANING_0387	low_association	1	validation	bead	necklace	"[""b"", ""iː"", ""d""]"	"[""n"", ""ɛ"", ""k"", ""l"", ""ə"", ""s""]"	
MEANING_0388	low_association	1	validation	boiled	eggs	"[""b"", ""ɔɪ"", ""l"", ""d""]"	"[""ɛ"", ""ɡ"", ""z""]"	
MEANING_0389	low_association	1	validation	careless	reckless	"[""k"", ""ɛ"", ""ɹ"", ""l"", ""ə"", ""s""]"	"[""ɹ"", ""ɛ"", ""k"", ""l"", ""ə"", ""s""]"	
MEANING_0390	low_association	1	validation	circle	round	"[""s"", ""ɜː"", ""k"", ""ə"", ""l""]"	"[""ɹ"", ""aʊ"", ""n"", ""d""]"	
MEANING_0391	low_association	1	validation	flake	cereal	"[""f"", ""l"", ""eɪ"", ""k""]"	"[""s"", ""iə"", ""ɹ"", ""ɪ"", ""ə"", ""l""]"	
MEANING_0392	low_association	1	validation	hatch	back	"[""h"", ""æ"", ""t̠ʃ""]"	"[""b"", ""æ"", ""k""]"	
MEANING_0393	low_association	1	validation	hook	line	"[""h"", ""ʊ"", ""k""]"	"[""l"", ""aɪ"", ""n""]"	
MEANING_0394	low_association	1	validation	knees	legs	"[""n"", ""iː"", ""z""]"	"[""l"", ""ɛ"", ""ɡ"", ""z""]"	
MEANING_0395	low_association	1	validation	lawn	mower	"[""l"", ""ɔ"", ""n""]"	"[""m"", ""oʊ"", ""ə"", ""ɹ""]"	
MEANING_0396	low_association	1	validation	lint	dust	"[""l"", ""ɪ"", ""n"", ""t""]"	"[""d"", ""ʌ"", ""s"", ""t""]"	
MEANING_0397	low_association	1	validation	lit	bright	"[""l"", ""ɪ"", ""t""]"	"[""b"", ""ɹ"", ""aɪ"", ""t""]"	
MEANING_0398	low_association	1	validation	lump	bump	"[""l"", ""ʌ"", ""m"", ""p""]"	"[""b"", ""ʌ"", ""m"", ""p""]"	
MEANING_0399	low_association	1	validation	medal	award	"[""m"", ""ɛ"", ""d"", ""ə"", ""l""]"	"[""ə"", ""w"", ""ɔ"", ""ɹ"", ""d""]"	
MEANING_0400	low_association	1	validation	mosquito	bug	"[""m"", ""ə"", ""s"", ""k"", ""iː"", ""t"", ""oʊ""]"	"[""b"", ""ʌ"", ""ɡ""]"	
MEANING_0401	low_association	1	validation	obstacle	course	"[""ɑ"", ""b"", ""s"", ""t"", ""ə"", ""k"", ""ə"", ""l""]"	"[""k"", ""ɔ"", ""ɹ"", ""s""]"	
MEANING_0402	low_association	1	validation	robber	thief	"[""ɹ"", ""ɑ"", ""b"", ""ə"", ""ɹ""]"	"[""θ"", ""iː"", ""f""]"	
MEANING_0403	low_association	1	validation	rock	roll	"[""ɹ"", ""ɑ"", ""k""]"	"[""ɹ"", ""oʊ"", ""l""]"	
MEANING_0404	low_association	1	validation	rules	break	"[""ɹ"", ""uː"", ""l"", ""z""]"	"[""b"", ""ɹ"", ""eɪ"", ""k""]"	
MEANING_0405	low_association	1	validation	rummy	game	"[""ɹ"", ""ʌ"", ""m"", ""i""]"	"[""ɡ"", ""eɪ"", ""m""]"	
MEANING_0406	low_association	1	validation	seasoning	salt	"[""s"", ""iː"", ""z"", ""ə"", ""n"", ""ɪ"", ""ŋ""]"	"[""s"", ""ɔ"", ""l"", ""t""]"	
MEANING_0407	low_association	1	validation	shake	rattle	"[""ʃ"", ""eɪ"", ""k""]"	"[""ɹ"", ""æ"", ""t"", ""ə"", ""l""]"	
MEANING_0408	low_association	1	validation	stair	case	"[""s"", ""t"", ""ɛ"", ""ɹ""]"	"[""k"", ""eɪ"", ""s""]"	
MEANING_0409	low_association	1	validation	starch	stiff	"[""s"", ""t"", ""ɑ"", ""ɹ"", ""t̠ʃ""]"	"[""s"", ""t"", ""ɪ"", ""f""]"	
MEANING_0410	low_association	1	validation	voodoo	magic	"[""v"", ""uː"", ""d"", ""uː""]"	"[""m"", ""æ"", ""d̠ʒ"", ""ɪ"", ""k""]"	unseen_phase1:voodoo
MEANING_0411	unrelated	0	validation	brake	charity	"[""b"", ""ɹ"", ""eɪ"", ""k""]"	"[""t̠ʃ"", ""æ"", ""ɹ"", ""ɪ"", ""t"", ""i""]"	unseen_phase1:charity
MEANING_0412	unrelated	0	validation	brake	dent	"[""b"", ""ɹ"", ""eɪ"", ""k""]"	"[""d"", ""ɛ"", ""n"", ""t""]"	
MEANING_0413	unrelated	0	validation	brake	famous	"[""b"", ""ɹ"", ""eɪ"", ""k""]"	"[""f"", ""eɪ"", ""m"", ""ə"", ""s""]"	
MEANING_0414	unrelated	0	validation	brake	float	"[""b"", ""ɹ"", ""eɪ"", ""k""]"	"[""f"", ""l"", ""oʊ"", ""t""]"	
MEANING_0415	unrelated	0	validation	brake	gym	"[""b"", ""ɹ"", ""eɪ"", ""k""]"	"[""d̠ʒ"", ""ɪ"", ""m""]"	
MEANING_0416	unrelated	0	validation	brake	honest	"[""b"", ""ɹ"", ""eɪ"", ""k""]"	"[""ɑ"", ""n"", ""ɪ"", ""s"", ""t""]"	
MEANING_0417	unrelated	0	validation	brake	round	"[""b"", ""ɹ"", ""eɪ"", ""k""]"	"[""ɹ"", ""aʊ"", ""n"", ""d""]"	
MEANING_0418	unrelated	0	validation	brake	scrambled	"[""b"", ""ɹ"", ""eɪ"", ""k""]"	"[""s"", ""k"", ""ɹ"", ""æ"", ""m"", ""b"", ""ə"", ""l"", ""d""]"	
MEANING_0419	unrelated	0	validation	brake	seed	"[""b"", ""ɹ"", ""eɪ"", ""k""]"	"[""s"", ""iː"", ""d""]"	
MEANING_0420	unrelated	0	validation	dine	dungeon	"[""d"", ""aɪ"", ""n""]"	"[""d"", ""ʌ"", ""n"", ""d̠ʒ"", ""ə"", ""n""]"	
MEANING_0421	unrelated	0	validation	dine	first	"[""d"", ""aɪ"", ""n""]"	"[""f"", ""ɜː"", ""s"", ""t""]"	
MEANING_0422	unrelated	0	validation	dine	gem	"[""d"", ""aɪ"", ""n""]"	"[""d̠ʒ"", ""ɛ"", ""m""]"	
MEANING_0423	unrelated	0	validation	dine	juice	"[""d"", ""aɪ"", ""n""]"	"[""d̠ʒ"", ""uː"", ""s""]"	
MEANING_0424	unrelated	0	validation	dine	tact	"[""d"", ""aɪ"", ""n""]"	"[""t"", ""æ"", ""k"", ""t""]"	
MEANING_0425	unrelated	0	validation	dine	voodoo	"[""d"", ""aɪ"", ""n""]"	"[""v"", ""uː"", ""d"", ""uː""]"	unseen_phase1:voodoo
MEANING_0426	unrelated	0	validation	faint	breathe	"[""f"", ""eɪ"", ""n"", ""t""]"	"[""b"", ""ɹ"", ""iː"", ""ð""]"	
MEANING_0427	unrelated	0	validation	faint	curse	"[""f"", ""eɪ"", ""n"", ""t""]"	"[""k"", ""ɜː"", ""s""]"	
MEANING_0428	unrelated	0	validation	faint	field	"[""f"", ""eɪ"", ""n"", ""t""]"	"[""f"", ""iː"", ""l"", ""d""]"	
MEANING_0429	unrelated	0	validation	faint	lonely	"[""f"", ""eɪ"", ""n"", ""t""]"	"[""l"", ""oʊ"", ""n"", ""l"", ""i""]"	
MEANING_0430	unrelated	0	validation	faint	rise	"[""f"", ""eɪ"", ""n"", ""t""]"	"[""ɹ"", ""aɪ"", ""z""]"	
MEANING_0431	unrelated	0	validation	faint	tease	"[""f"", ""eɪ"", ""n"", ""t""]"	"[""t"", ""iː"", ""z""]"	
MEANING_0432	unrelated	0	validation	faint	throne	"[""f"", ""eɪ"", ""n"", ""t""]"	"[""θ"", ""ɹ"", ""oʊ"", ""n""]"	
MEANING_0433	unrelated	0	validation	foggy	damp	"[""f"", ""ɑ"", ""ɡ"", ""i""]"	"[""d"", ""æ"", ""m"", ""p""]"	
MEANING_0434	unrelated	0	validation	foggy	date	"[""f"", ""ɑ"", ""ɡ"", ""i""]"	"[""d"", ""eɪ"", ""t""]"	
MEANING_0435	unrelated	0	validation	foggy	flashlight	"[""f"", ""ɑ"", ""ɡ"", ""i""]"	"[""f"", ""l"", ""æ"", ""ʃ"", ""l"", ""aɪ"", ""t""]"	
MEANING_0436	unrelated	0	validation	foggy	grip	"[""f"", ""ɑ"", ""ɡ"", ""i""]"	"[""ɡ"", ""ɹ"", ""ɪ"", ""p""]"	
MEANING_0437	unrelated	0	validation	foggy	ranch	"[""f"", ""ɑ"", ""ɡ"", ""i""]"	"[""ɹ"", ""æ"", ""n"", ""t̠ʃ""]"	
MEANING_0438	unrelated	0	validation	foggy	rap	"[""f"", ""ɑ"", ""ɡ"", ""i""]"	"[""ɹ"", ""æ"", ""p""]"	
MEANING_0439	unrelated	0	validation	foggy	thick	"[""f"", ""ɑ"", ""ɡ"", ""i""]"	"[""θ"", ""ɪ"", ""k""]"	
MEANING_0440	unrelated	0	validation	foggy	tribe	"[""f"", ""ɑ"", ""ɡ"", ""i""]"	"[""t"", ""ɹ"", ""aɪ"", ""b""]"	
MEANING_0441	unrelated	0	validation	hostage	son	"[""h"", ""ɑ"", ""s"", ""t"", ""ɪ"", ""d̠ʒ""]"	"[""s"", ""ʌ"", ""n""]"	unseen_phase1:hostage
MEANING_0442	unrelated	0	validation	hostage	tent	"[""h"", ""ɑ"", ""s"", ""t"", ""ɪ"", ""d̠ʒ""]"	"[""t"", ""ɛ"", ""n"", ""t""]"	unseen_phase1:hostage
MEANING_0443	unrelated	0	validation	oil	clerk	"[""ɔɪ"", ""l""]"	"[""k"", ""l"", ""ɜː"", ""k""]"	
MEANING_0444	unrelated	0	validation	oil	foresight	"[""ɔɪ"", ""l""]"	"[""f"", ""ɔ"", ""ɹ"", ""s"", ""aɪ"", ""t""]"	
MEANING_0445	unrelated	0	validation	oil	royalty	"[""ɔɪ"", ""l""]"	"[""ɹ"", ""ɔɪ"", ""ə"", ""l"", ""t"", ""i""]"	
MEANING_0446	unrelated	0	validation	oil	screw	"[""ɔɪ"", ""l""]"	"[""s"", ""k"", ""ɹ"", ""uː""]"	
MEANING_0447	unrelated	0	validation	oil	sinker	"[""ɔɪ"", ""l""]"	"[""s"", ""ɪ"", ""ŋ"", ""k"", ""ə"", ""ɹ""]"	unseen_phase1:sinker
MEANING_0448	unrelated	0	validation	oil	symptom	"[""ɔɪ"", ""l""]"	"[""s"", ""ɪ"", ""m"", ""p"", ""t"", ""ə"", ""m""]"	unseen_phase1:symptom
MEANING_0449	unrelated	0	validation	sales	allow	"[""s"", ""eɪ"", ""l"", ""z""]"	"[""ə"", ""l"", ""aʊ""]"	
MEANING_0450	unrelated	0	validation	sales	curse	"[""s"", ""eɪ"", ""l"", ""z""]"	"[""k"", ""ɜː"", ""s""]"	
MEANING_0451	unrelated	0	validation	sales	ghetto	"[""s"", ""eɪ"", ""l"", ""z""]"	"[""ɡ"", ""ɛ"", ""t"", ""oʊ""]"	
MEANING_0452	unrelated	0	validation	sales	indoors	"[""s"", ""eɪ"", ""l"", ""z""]"	"[""ɪ"", ""n"", ""d"", ""ɔ"", ""ɹ"", ""z""]"	
MEANING_0453	unrelated	0	validation	sales	lunch	"[""s"", ""eɪ"", ""l"", ""z""]"	"[""l"", ""ʌ"", ""n"", ""t̠ʃ""]"	
MEANING_0454	unrelated	0	validation	sales	moose	"[""s"", ""eɪ"", ""l"", ""z""]"	"[""m"", ""uː"", ""s""]"	
MEANING_0455	unrelated	0	validation	sash	active	"[""s"", ""æ"", ""ʃ""]"	"[""æ"", ""k"", ""t"", ""ɪ"", ""v""]"	
MEANING_0456	unrelated	0	validation	sash	all	"[""s"", ""æ"", ""ʃ""]"	"[""ɔ"", ""l""]"	
MEANING_0457	unrelated	0	validation	sash	blend	"[""s"", ""æ"", ""ʃ""]"	"[""b"", ""l"", ""ɛ"", ""n"", ""d""]"	
MEANING_0458	unrelated	0	validation	sash	tomb	"[""s"", ""æ"", ""ʃ""]"	"[""t"", ""uː"", ""m""]"	
MEANING_0459	unrelated	0	validation	shampoo	alike	"[""ʃ"", ""æ"", ""m"", ""p"", ""uː""]"	"[""ə"", ""l"", ""aɪ"", ""k""]"	
MEANING_0460	unrelated	0	validation	shampoo	noisy	"[""ʃ"", ""æ"", ""m"", ""p"", ""uː""]"	"[""n"", ""ɔɪ"", ""z"", ""i""]"	
MEANING_0461	high_association	1	test	ache	pain	"[""eɪ"", ""k""]"	"[""p"", ""eɪ"", ""n""]"	
MEANING_0462	high_association	1	test	artery	vein	"[""ɑ"", ""ɹ"", ""t"", ""ə"", ""ɹ"", ""ɹ"", ""i""]"	"[""v"", ""eɪ"", ""n""]"	unseen_phase1:artery
MEANING_0463	high_association	1	test	courageous	brave	"[""k"", ""ɜː"", ""ɹ"", ""eɪ"", ""d̠ʒ"", ""ə"", ""s""]"	"[""b"", ""ɹ"", ""eɪ"", ""v""]"	
MEANING_0464	high_association	1	test	dagger	knife	"[""d"", ""æ"", ""ɡ"", ""ə"", ""ɹ""]"	"[""n"", ""aɪ"", ""f""]"	unseen_phase1:dagger
MEANING_0465	high_association	1	test	early	late	"[""ɜː"", ""l"", ""i""]"	"[""l"", ""eɪ"", ""t""]"	
MEANING_0466	high_association	1	test	feud	fight	"[""f"", ""j"", ""uː"", ""d""]"	"[""f"", ""aɪ"", ""t""]"	unseen_phase1:feud
MEANING_0467	high_association	1	test	galaxy	stars	"[""ɡ"", ""æ"", ""l"", ""ə"", ""k"", ""s"", ""i""]"	"[""s"", ""t"", ""ɑ"", ""ɹ"", ""z""]"	
MEANING_0468	high_association	1	test	girl	boy	"[""ɡ"", ""ɜː"", ""l""]"	"[""b"", ""ɔɪ""]"	
MEANING_0469	high_association	1	test	groom	bride	"[""ɡ"", ""ɹ"", ""uː"", ""m""]"	"[""b"", ""ɹ"", ""aɪ"", ""d""]"	
MEANING_0470	high_association	1	test	harm	hurt	"[""h"", ""ɑ"", ""ɹ"", ""m""]"	"[""h"", ""ɜː"", ""t""]"	
MEANING_0471	high_association	1	test	hatchet	ax	"[""h"", ""æ"", ""t̠ʃ"", ""ɪ"", ""t""]"	"[""æ"", ""k"", ""s""]"	
MEANING_0472	high_association	1	test	high	low	"[""h"", ""aɪ""]"	"[""l"", ""oʊ""]"	
MEANING_0473	high_association	1	test	idea	thought	"[""aɪ"", ""d"", ""iə""]"	"[""θ"", ""ɔ"", ""t""]"	
MEANING_0474	high_association	1	test	jet	plane	"[""d̠ʒ"", ""ɛ"", ""t""]"	"[""p"", ""l"", ""eɪ"", ""n""]"	
MEANING_0475	high_association	1	test	lightheaded	dizzy	"[""l"", ""aɪ"", ""t"", ""h"", ""ɛ"", ""d"", ""ɪ"", ""d""]"	"[""d"", ""ɪ"", ""z"", ""i""]"	unseen_phase1:lightheaded
MEANING_0476	high_association	1	test	mute	deaf	"[""m"", ""j"", ""uː"", ""t""]"	"[""d"", ""ɛ"", ""f""]"	
MEANING_0477	high_association	1	test	nail	hammer	"[""n"", ""eɪ"", ""l""]"	"[""h"", ""æ"", ""m"", ""ə"", ""ɹ""]"	
MEANING_0478	high_association	1	test	night	day	"[""n"", ""aɪ"", ""t""]"	"[""d"", ""eɪ""]"	
MEANING_0479	high_association	1	test	pipe	smoke	"[""p"", ""aɪ"", ""p""]"	"[""s"", ""m"", ""oʊ"", ""k""]"	
MEANING_0480	high_association	1	test	plaque	teeth	"[""p"", ""l"", ""æ"", ""k""]"	"[""t"", ""iː"", ""θ""]"	
MEANING_0481	high_association	1	test	post	office	"[""p"", ""oʊ"", ""s"", ""t""]"	"[""ɑ"", ""f"", ""ɪ"", ""s""]"	
MEANING_0482	high_association	1	test	print	write	"[""p"", ""ɹ"", ""ɪ"", ""n"", ""t""]"	"[""ɹ"", ""aɪ"", ""t""]"	
MEANING_0483	high_association	1	test	push	shove	"[""p"", ""ʊ"", ""ʃ""]"	"[""ʃ"", ""ʌ"", ""v""]"	
MEANING_0484	high_association	1	test	quack	duck	"[""k"", ""w"", ""æ"", ""k""]"	"[""d"", ""ʌ"", ""k""]"	
MEANING_0485	high_association	1	test	reprimand	punishment	"[""ɹ"", ""ɛ"", ""p"", ""ɹ"", ""ɪ"", ""m"", ""æ"", ""n"", ""d""]"	"[""p"", ""ʌ"", ""n"", ""ɪ"", ""ʃ"", ""m"", ""ə"", ""n"", ""t""]"	unseen_phase1:reprimand
MEANING_0486	high_association	1	test	sea	ocean	"[""s"", ""iː""]"	"[""oʊ"", ""ʃ"", ""ə"", ""n""]"	
MEANING_0487	high_association	1	test	sill	window	"[""s"", ""ɪ"", ""l""]"	"[""w"", ""ɪ"", ""n"", ""d"", ""oʊ""]"	
MEANING_0488	high_association	1	test	sling	shot	"[""s"", ""l"", ""ɪ"", ""ŋ""]"	"[""ʃ"", ""ɑ"", ""t""]"	
MEANING_0489	high_association	1	test	spoil	rotten	"[""s"", ""p"", ""ɔɪ"", ""l""]"	"[""ɹ"", ""ɑ"", ""t"", ""ə"", ""n""]"	
MEANING_0490	high_association	1	test	spook	scare	"[""s"", ""p"", ""uː"", ""k""]"	"[""s"", ""k"", ""ɛ"", ""ɹ""]"	
MEANING_0491	high_association	1	test	story	book	"[""s"", ""t"", ""ɔ"", ""ɹ"", ""i""]"	"[""b"", ""ʊ"", ""k""]"	
MEANING_0492	high_association	1	test	supper	dinner	"[""s"", ""ʌ"", ""p"", ""ə"", ""ɹ""]"	"[""d"", ""ɪ"", ""n"", ""ə"", ""ɹ""]"	
MEANING_0493	high_association	1	test	supply	demand	"[""s"", ""ə"", ""p"", ""l"", ""aɪ""]"	"[""d"", ""ɪ"", ""m"", ""æ"", ""n"", ""d""]"	
MEANING_0494	high_association	1	test	terrific	great	"[""t"", ""ə"", ""ɹ"", ""ɹ"", ""ɪ"", ""f"", ""ɪ"", ""k""]"	"[""ɡ"", ""ɹ"", ""eɪ"", ""t""]"	
MEANING_0495	high_association	1	test	tile	floor	"[""t"", ""aɪ"", ""l""]"	"[""f"", ""l"", ""ɔ"", ""ɹ""]"	
MEANING_0496	high_association	1	test	tool	hammer	"[""t"", ""uː"", ""l""]"	"[""h"", ""æ"", ""m"", ""ə"", ""ɹ""]"	
MEANING_0497	high_association	1	test	tote	bag	"[""t"", ""oʊ"", ""t""]"	"[""b"", ""æ"", ""ɡ""]"	
MEANING_0498	high_association	1	test	weed	grass	"[""w"", ""iː"", ""d""]"	"[""ɡ"", ""ɹ"", ""æ"", ""s""]"	
MEANING_0499	high_association	1	test	win	lose	"[""w"", ""ɪ"", ""n""]"	"[""l"", ""uː"", ""z""]"	
MEANING_0500	high_association	1	test	wise	smart	"[""w"", ""aɪ"", ""z""]"	"[""s"", ""m"", ""ɑ"", ""ɹ"", ""t""]"	
MEANING_0501	low_association	1	test	accomplish	do	"[""ə"", ""k"", ""ɑ"", ""m"", ""p"", ""l"", ""ɪ"", ""ʃ""]"	"[""d"", ""uː""]"	
MEANING_0502	low_association	1	test	accumulate	collect	"[""ə"", ""k"", ""j"", ""uː"", ""m"", ""j"", ""ʊ"", ""l"", ""eɪ"", ""t""]"	"[""k"", ""ə"", ""l"", ""ɛ"", ""k"", ""t""]"	unseen_phase1:accumulate
MEANING_0503	low_association	1	test	ache	hurt	"[""eɪ"", ""k""]"	"[""h"", ""ɜː"", ""t""]"	
MEANING_0504	low_association	1	test	adore	like	"[""ə"", ""d"", ""ɔ"", ""ɹ""]"	"[""l"", ""aɪ"", ""k""]"	
MEANING_0505	low_association	1	test	alarm	clock	"[""ə"", ""l"", ""ɑ"", ""ɹ"", ""m""]"	"[""k"", ""l"", ""ɑ"", ""k""]"	
MEANING_0506	low_association	1	test	apple	red	"[""æ"", ""p"", ""ə"", ""l""]"	"[""ɹ"", ""ɛ"", ""d""]"	
MEANING_0507	low_association	1	test	art	paint	"[""ɑ"", ""ɹ"", ""t""]"	"[""p"", ""eɪ"", ""n"", ""t""]"	
MEANING_0508	low_association	1	test	backbone	spine	"[""b"", ""æ"", ""k"", ""b"", ""oʊ"", ""n""]"	"[""s"", ""p"", ""aɪ"", ""n""]"	
MEANING_0509	low_association	1	test	bent	straight	"[""b"", ""ɛ"", ""n"", ""t""]"	"[""s"", ""t"", ""ɹ"", ""eɪ"", ""t""]"	
MEANING_0510	low_association	1	test	blade	knife	"[""b"", ""l"", ""eɪ"", ""d""]"	"[""n"", ""aɪ"", ""f""]"	
MEANING_0511	low_association	1	test	burglary	robbery	"[""b"", ""ɜː"", ""ɡ"", ""l"", ""ə"", ""ɹ"", ""ɹ"", ""i""]"	"[""ɹ"", ""ɑ"", ""b"", ""ə"", ""ɹ"", ""ɹ"", ""i""]"	
MEANING_0512	low_association	1	test	chew	gum	"[""t̠ʃ"", ""uː""]"	"[""ɡ"", ""ʌ"", ""m""]"	
MEANING_0513	low_association	1	test	concern	care	"[""k"", ""ə"", ""n"", ""s"", ""ɜː"", ""n""]"	"[""k"", ""ɛ"", ""ɹ""]"	
MEANING_0514	low_association	1	test	cookie	jar	"[""k"", ""ʊ"", ""k"", ""i""]"	"[""d̠ʒ"", ""ɑ"", ""ɹ""]"	
MEANING_0515	low_association	1	test	crude	rude	"[""k"", ""ɹ"", ""uː"", ""d""]"	"[""ɹ"", ""uː"", ""d""]"	
MEANING_0516	low_association	1	test	dagger	sword	"[""d"", ""æ"", ""ɡ"", ""ə"", ""ɹ""]"	"[""s"", ""ɔ"", ""ɹ"", ""d""]"	unseen_phase1:dagger
MEANING_0517	low_association	1	test	dip	chip	"[""d"", ""ɪ"", ""p""]"	"[""t̠ʃ"", ""ɪ"", ""p""]"	
MEANING_0518	low_association	1	test	dive	swim	"[""d"", ""aɪ"", ""v""]"	"[""s"", ""w"", ""ɪ"", ""m""]"	
MEANING_0519	low_association	1	test	fact	truth	"[""f"", ""æ"", ""k"", ""t""]"	"[""t"", ""ɹ"", ""uː"", ""θ""]"	
MEANING_0520	low_association	1	test	feast	eat	"[""f"", ""iː"", ""s"", ""t""]"	"[""iː"", ""t""]"	
MEANING_0521	low_association	1	test	fig	leaf	"[""f"", ""ɪ"", ""ɡ""]"	"[""l"", ""iː"", ""f""]"	
MEANING_0522	low_association	1	test	floor	tile	"[""f"", ""l"", ""ɔ"", ""ɹ""]"	"[""t"", ""aɪ"", ""l""]"	
MEANING_0523	low_association	1	test	fraud	fake	"[""f"", ""ɹ"", ""ɔ"", ""d""]"	"[""f"", ""eɪ"", ""k""]"	unseen_phase1:fraud
MEANING_0524	low_association	1	test	grit	dirt	"[""ɡ"", ""ɹ"", ""ɪ"", ""t""]"	"[""d"", ""ɜː"", ""t""]"	
MEANING_0525	low_association	1	test	lust	love	"[""l"", ""ʌ"", ""s"", ""t""]"	"[""l"", ""ʌ"", ""v""]"	unseen_phase1:lust
MEANING_0526	low_association	1	test	marker	pen	"[""m"", ""ɑ"", ""ɹ"", ""k"", ""ə"", ""ɹ""]"	"[""p"", ""ɛ"", ""n""]"	
MEANING_0527	low_association	1	test	offend	hurt	"[""ə"", ""f"", ""ɛ"", ""n"", ""d""]"	"[""h"", ""ɜː"", ""t""]"	unseen_phase1:offend
MEANING_0528	low_association	1	test	pastry	doughnut	"[""p"", ""eɪ"", ""s"", ""t"", ""ɹ"", ""i""]"	"[""d"", ""oʊ"", ""n"", ""ʌ"", ""t""]"	
MEANING_0529	low_association	1	test	pavement	sidewalk	"[""p"", ""eɪ"", ""v"", ""m"", ""ə"", ""n"", ""t""]"	"[""s"", ""aɪ"", ""d"", ""w"", ""ɔ"", ""k""]"	
MEANING_0530	low_association	1	test	pump	gas	"[""p"", ""ʌ"", ""m"", ""p""]"	"[""ɡ"", ""æ"", ""s""]"	
MEANING_0531	low_association	1	test	regulations	laws	"[""ɹ"", ""ɛ"", ""ɡ"", ""j"", ""ʊ"", ""l"", ""eɪ"", ""ʃ"", ""ə"", ""n"", ""z""]"	"[""l"", ""ɔ"", ""z""]"	unseen_phase1:regulations
MEANING_0532	low_association	1	test	snore	loud	"[""s"", ""n"", ""ɔ"", ""ɹ""]"	"[""l"", ""aʊ"", ""d""]"	
MEANING_0533	low_association	1	test	spill	milk	"[""s"", ""p"", ""ɪ"", ""l""]"	"[""m"", ""ɪ"", ""l"", ""k""]"	
MEANING_0534	low_association	1	test	squeal	tell	"[""s"", ""k"", ""w"", ""iː"", ""l""]"	"[""t"", ""ɛ"", ""l""]"	
MEANING_0535	low_association	1	test	sticky	glue	"[""s"", ""t"", ""ɪ"", ""k"", ""i""]"	"[""ɡ"", ""l"", ""uː""]"	
MEANING_0536	low_association	1	test	tag	grab	"[""t"", ""æ"", ""ɡ""]"	"[""ɡ"", ""ɹ"", ""æ"", ""b""]"	
MEANING_0537	low_association	1	test	trumpet	horn	"[""t"", ""ɹ"", ""ʌ"", ""m"", ""p"", ""ɪ"", ""t""]"	"[""h"", ""ɔ"", ""ɹ"", ""n""]"	
MEANING_0538	low_association	1	test	vacuum	suck	"[""v"", ""æ"", ""k"", ""j"", ""uː"", ""m""]"	"[""s"", ""ʌ"", ""k""]"	
MEANING_0539	low_association	1	test	vanish	gone	"[""v"", ""æ"", ""n"", ""ɪ"", ""ʃ""]"	"[""ɡ"", ""ɔ"", ""n""]"	
MEANING_0540	low_association	1	test	voice	loud	"[""v"", ""ɔɪ"", ""s""]"	"[""l"", ""aʊ"", ""d""]"	
MEANING_0541	unrelated	0	test	bathtub	set	"[""b"", ""æ"", ""θ"", ""t"", ""ʌ"", ""b""]"	"[""s"", ""ɛ"", ""t""]"	
MEANING_0542	unrelated	0	test	brave	gulp	"[""b"", ""ɹ"", ""eɪ"", ""v""]"	"[""ɡ"", ""ʌ"", ""l"", ""p""]"	
MEANING_0543	unrelated	0	test	brave	invent	"[""b"", ""ɹ"", ""eɪ"", ""v""]"	"[""ɪ"", ""n"", ""v"", ""ɛ"", ""n"", ""t""]"	
MEANING_0544	unrelated	0	test	brave	me	"[""b"", ""ɹ"", ""eɪ"", ""v""]"	"[""m"", ""iː""]"	
MEANING_0545	unrelated	0	test	brave	mole	"[""b"", ""ɹ"", ""eɪ"", ""v""]"	"[""m"", ""oʊ"", ""l""]"	
MEANING_0546	unrelated	0	test	brave	pitch	"[""b"", ""ɹ"", ""eɪ"", ""v""]"	"[""p"", ""ɪ"", ""t̠ʃ""]"	
MEANING_0547	unrelated	0	test	brave	queen	"[""b"", ""ɹ"", ""eɪ"", ""v""]"	"[""k"", ""w"", ""iː"", ""n""]"	
MEANING_0548	unrelated	0	test	brave	tardy	"[""b"", ""ɹ"", ""eɪ"", ""v""]"	"[""t"", ""ɑ"", ""ɹ"", ""d"", ""i""]"	unseen_phase1:tardy
MEANING_0549	unrelated	0	test	brave	temper	"[""b"", ""ɹ"", ""eɪ"", ""v""]"	"[""t"", ""ɛ"", ""m"", ""p"", ""ə"", ""ɹ""]"	
MEANING_0550	unrelated	0	test	brave	vinegar	"[""b"", ""ɹ"", ""eɪ"", ""v""]"	"[""v"", ""ɪ"", ""n"", ""ɪ"", ""ɡ"", ""ə"", ""ɹ""]"	
MEANING_0551	unrelated	0	test	brave	voice	"[""b"", ""ɹ"", ""eɪ"", ""v""]"	"[""v"", ""ɔɪ"", ""s""]"	
MEANING_0552	unrelated	0	test	claw	absent	"[""k"", ""l"", ""ɔ""]"	"[""æ"", ""b"", ""s"", ""ə"", ""n"", ""t""]"	
MEANING_0553	unrelated	0	test	claw	believe	"[""k"", ""l"", ""ɔ""]"	"[""b"", ""ɪ"", ""l"", ""iː"", ""v""]"	
MEANING_0554	unrelated	0	test	claw	chipmunk	"[""k"", ""l"", ""ɔ""]"	"[""t̠ʃ"", ""ɪ"", ""p"", ""m"", ""ʌ"", ""ŋ"", ""k""]"	
MEANING_0555	unrelated	0	test	claw	liver	"[""k"", ""l"", ""ɔ""]"	"[""l"", ""ɪ"", ""v"", ""ə"", ""ɹ""]"	
MEANING_0556	unrelated	0	test	claw	shiver	"[""k"", ""l"", ""ɔ""]"	"[""ʃ"", ""ɪ"", ""v"", ""ə"", ""ɹ""]"	
MEANING_0557	unrelated	0	test	claw	stable	"[""k"", ""l"", ""ɔ""]"	"[""s"", ""t"", ""eɪ"", ""b"", ""ə"", ""l""]"	
MEANING_0558	unrelated	0	test	claw	straight	"[""k"", ""l"", ""ɔ""]"	"[""s"", ""t"", ""ɹ"", ""eɪ"", ""t""]"	
MEANING_0559	unrelated	0	test	damn	kingdom	"[""d"", ""æ"", ""m""]"	"[""k"", ""ɪ"", ""ŋ"", ""d"", ""ə"", ""m""]"	
MEANING_0560	unrelated	0	test	damn	poet	"[""d"", ""æ"", ""m""]"	"[""p"", ""oʊ"", ""ɪ"", ""t""]"	
MEANING_0561	unrelated	0	test	damn	port	"[""d"", ""æ"", ""m""]"	"[""p"", ""ɔ"", ""ɹ"", ""t""]"	
MEANING_0562	unrelated	0	test	damn	pudding	"[""d"", ""æ"", ""m""]"	"[""p"", ""ʊ"", ""d"", ""ɪ"", ""ŋ""]"	
MEANING_0563	unrelated	0	test	damn	selection	"[""d"", ""æ"", ""m""]"	"[""s"", ""ɪ"", ""l"", ""ɛ"", ""k"", ""ʃ"", ""ə"", ""n""]"	
MEANING_0564	unrelated	0	test	damn	shelter	"[""d"", ""æ"", ""m""]"	"[""ʃ"", ""ɛ"", ""l"", ""t"", ""ə"", ""ɹ""]"	
MEANING_0565	unrelated	0	test	damn	spinach	"[""d"", ""æ"", ""m""]"	"[""s"", ""p"", ""ɪ"", ""n"", ""ɪ"", ""t̠ʃ""]"	
MEANING_0566	unrelated	0	test	damn	yawn	"[""d"", ""æ"", ""m""]"	"[""j"", ""ɔ"", ""n""]"	
MEANING_0567	unrelated	0	test	fad	emperor	"[""f"", ""æ"", ""d""]"	"[""ɛ"", ""m"", ""p"", ""ə"", ""ɹ"", ""ɹ"", ""ə"", ""ɹ""]"	unseen_phase1:fad
MEANING_0568	unrelated	0	test	fad	shopping	"[""f"", ""æ"", ""d""]"	"[""ʃ"", ""ɑ"", ""p"", ""ɪ"", ""ŋ""]"	unseen_phase1:fad
MEANING_0569	unrelated	0	test	fad	traffic	"[""f"", ""æ"", ""d""]"	"[""t"", ""ɹ"", ""æ"", ""f"", ""ɪ"", ""k""]"	unseen_phase1:fad
MEANING_0570	unrelated	0	test	fad	worry	"[""f"", ""æ"", ""d""]"	"[""w"", ""ʌ"", ""ɹ"", ""i""]"	unseen_phase1:fad
MEANING_0571	unrelated	0	test	foot	cage	"[""f"", ""ʊ"", ""t""]"	"[""k"", ""eɪ"", ""d̠ʒ""]"	
MEANING_0572	unrelated	0	test	foot	cover	"[""f"", ""ʊ"", ""t""]"	"[""k"", ""ʌ"", ""v"", ""ə"", ""ɹ""]"	
MEANING_0573	unrelated	0	test	foot	hobby	"[""f"", ""ʊ"", ""t""]"	"[""h"", ""ɑ"", ""b"", ""i""]"	
MEANING_0574	unrelated	0	test	foot	main	"[""f"", ""ʊ"", ""t""]"	"[""m"", ""eɪ"", ""n""]"	
MEANING_0575	unrelated	0	test	foot	rodent	"[""f"", ""ʊ"", ""t""]"	"[""ɹ"", ""oʊ"", ""d"", ""ə"", ""n"", ""t""]"	
MEANING_0576	unrelated	0	test	foot	section	"[""f"", ""ʊ"", ""t""]"	"[""s"", ""ɛ"", ""k"", ""ʃ"", ""ə"", ""n""]"	
MEANING_0577	unrelated	0	test	foot	state	"[""f"", ""ʊ"", ""t""]"	"[""s"", ""t"", ""eɪ"", ""t""]"	
MEANING_0578	unrelated	0	test	foot	topping	"[""f"", ""ʊ"", ""t""]"	"[""t"", ""ɑ"", ""p"", ""ɪ"", ""ŋ""]"	
MEANING_0579	unrelated	0	test	foot	traitor	"[""f"", ""ʊ"", ""t""]"	"[""t"", ""ɹ"", ""eɪ"", ""t"", ""ə"", ""ɹ""]"	unseen_phase1:traitor
MEANING_0580	unrelated	0	test	form	acorn	"[""f"", ""ɔ"", ""ɹ"", ""m""]"	"[""eɪ"", ""k"", ""ɔ"", ""ɹ"", ""n""]"	
MEANING_0581	unrelated	0	test	form	backbone	"[""f"", ""ɔ"", ""ɹ"", ""m""]"	"[""b"", ""æ"", ""k"", ""b"", ""oʊ"", ""n""]"	
MEANING_0582	unrelated	0	test	form	battery	"[""f"", ""ɔ"", ""ɹ"", ""m""]"	"[""b"", ""æ"", ""t"", ""ə"", ""ɹ"", ""ɹ"", ""i""]"	
MEANING_0583	unrelated	0	test	form	bracelet	"[""f"", ""ɔ"", ""ɹ"", ""m""]"	"[""b"", ""ɹ"", ""eɪ"", ""s"", ""l"", ""ɪ"", ""t""]"	
MEANING_0584	unrelated	0	test	form	bridge	"[""f"", ""ɔ"", ""ɹ"", ""m""]"	"[""b"", ""ɹ"", ""ɪ"", ""d̠ʒ""]"	
MEANING_0585	unrelated	0	test	form	means	"[""f"", ""ɔ"", ""ɹ"", ""m""]"	"[""m"", ""iː"", ""n"", ""z""]"	
MEANING_0586	unrelated	0	test	form	original	"[""f"", ""ɔ"", ""ɹ"", ""m""]"	"[""ə"", ""ɹ"", ""ɹ"", ""ɪ"", ""d̠ʒ"", ""ɪ"", ""n"", ""ə"", ""l""]"	
MEANING_0587	unrelated	0	test	form	pour	"[""f"", ""ɔ"", ""ɹ"", ""m""]"	"[""p"", ""ɔ"", ""ɹ""]"	
MEANING_0588	unrelated	0	test	form	thought	"[""f"", ""ɔ"", ""ɹ"", ""m""]"	"[""θ"", ""ɔ"", ""t""]"	
MEANING_0589	unrelated	0	test	please	cloud	"[""p"", ""l"", ""iː"", ""z""]"	"[""k"", ""l"", ""aʊ"", ""d""]"	
MEANING_0590	unrelated	0	test	please	kitchen	"[""p"", ""l"", ""iː"", ""z""]"	"[""k"", ""ɪ"", ""t̠ʃ"", ""ə"", ""n""]"	
MEANING_0591	unrelated	0	test	please	libel	"[""p"", ""l"", ""iː"", ""z""]"	"[""l"", ""aɪ"", ""b"", ""ə"", ""l""]"	unseen_phase1:libel
MEANING_0592	unrelated	0	test	please	recipe	"[""p"", ""l"", ""iː"", ""z""]"	"[""ɹ"", ""ɛ"", ""s"", ""ɪ"", ""p"", ""iː""]"	
MEANING_0593	unrelated	0	test	please	river	"[""p"", ""l"", ""iː"", ""z""]"	"[""ɹ"", ""ɪ"", ""v"", ""ə"", ""ɹ""]"	
MEANING_0594	unrelated	0	test	please	silly	"[""p"", ""l"", ""iː"", ""z""]"	"[""s"", ""ɪ"", ""l"", ""i""]"	
MEANING_0595	unrelated	0	test	please	stuck	"[""p"", ""l"", ""iː"", ""z""]"	"[""s"", ""t"", ""ʌ"", ""k""]"	
MEANING_0596	unrelated	0	test	please	style	"[""p"", ""l"", ""iː"", ""z""]"	"[""s"", ""t"", ""aɪ"", ""l""]"	
MEANING_0597	unrelated	0	test	please	there	"[""p"", ""l"", ""iː"", ""z""]"	"[""ð"", ""ɛ"", ""ɹ""]"	
MEANING_0598	unrelated	0	test	please	thesis	"[""p"", ""l"", ""iː"", ""z""]"	"[""θ"", ""iː"", ""s"", ""ɪ"", ""s""]"	
MEANING_0599	unrelated	0	test	please	toast	"[""p"", ""l"", ""iː"", ""z""]"	"[""t"", ""oʊ"", ""s"", ""t""]"	
MEANING_0600	unrelated	0	test	reason	dry	"[""ɹ"", ""iː"", ""z"", ""ə"", ""n""]"	"[""d"", ""ɹ"", ""aɪ""]"	
MEANING_0601	unrelated	0	test	reason	giraffe	"[""ɹ"", ""iː"", ""z"", ""ə"", ""n""]"	"[""d̠ʒ"", ""ɪ"", ""ɹ"", ""æ"", ""f""]"	
MEANING_0602	unrelated	0	test	reason	hate	"[""ɹ"", ""iː"", ""z"", ""ə"", ""n""]"	"[""h"", ""eɪ"", ""t""]"	
MEANING_0603	unrelated	0	test	reason	like	"[""ɹ"", ""iː"", ""z"", ""ə"", ""n""]"	"[""l"", ""aɪ"", ""k""]"	
MEANING_0604	unrelated	0	test	reason	pause	"[""ɹ"", ""iː"", ""z"", ""ə"", ""n""]"	"[""p"", ""ɔ"", ""z""]"	
MEANING_0605	unrelated	0	test	reason	product	"[""ɹ"", ""iː"", ""z"", ""ə"", ""n""]"	"[""p"", ""ɹ"", ""ɑ"", ""d"", ""ʌ"", ""k"", ""t""]"	
MEANING_0606	unrelated	0	test	reason	tar	"[""ɹ"", ""iː"", ""z"", ""ə"", ""n""]"	"[""t"", ""ɑ"", ""ɹ""]"	
MEANING_0607	unrelated	0	test	suck	almond	"[""s"", ""ʌ"", ""k""]"	"[""ɔ"", ""l"", ""m"", ""ə"", ""n"", ""d""]"	
MEANING_0608	unrelated	0	test	suck	bait	"[""s"", ""ʌ"", ""k""]"	"[""b"", ""eɪ"", ""t""]"	
MEANING_0609	unrelated	0	test	suck	ball	"[""s"", ""ʌ"", ""k""]"	"[""b"", ""ɔ"", ""l""]"	
MEANING_0610	unrelated	0	test	suck	cherry	"[""s"", ""ʌ"", ""k""]"	"[""t̠ʃ"", ""ɛ"", ""ɹ"", ""i""]"	
MEANING_0611	unrelated	0	test	suck	comment	"[""s"", ""ʌ"", ""k""]"	"[""k"", ""ɑ"", ""m"", ""ɛ"", ""n"", ""t""]"	
MEANING_0612	unrelated	0	test	suck	erect	"[""s"", ""ʌ"", ""k""]"	"[""ɪ"", ""ɹ"", ""ɛ"", ""k"", ""t""]"	unseen_phase1:erect
MEANING_0613	unrelated	0	test	suck	fig	"[""s"", ""ʌ"", ""k""]"	"[""f"", ""ɪ"", ""ɡ""]"	
MEANING_0614	unrelated	0	test	suck	ledge	"[""s"", ""ʌ"", ""k""]"	"[""l"", ""ɛ"", ""d̠ʒ""]"	
MEANING_0615	unrelated	0	test	suck	linen	"[""s"", ""ʌ"", ""k""]"	"[""l"", ""ɪ"", ""n"", ""ɪ"", ""n""]"	
MEANING_0616	unrelated	0	test	suck	shack	"[""s"", ""ʌ"", ""k""]"	"[""ʃ"", ""æ"", ""k""]"	
MEANING_0617	unrelated	0	test	suck	stare	"[""s"", ""ʌ"", ""k""]"	"[""s"", ""t"", ""ɛ"", ""ɹ""]"	
MEANING_0618	unrelated	0	test	suck	virus	"[""s"", ""ʌ"", ""k""]"	"[""v"", ""aɪ"", ""ɹ"", ""ə"", ""s""]"	
MEANING_0619	unrelated	0	test	trend	begin	"[""t"", ""ɹ"", ""ɛ"", ""n"", ""d""]"	"[""b"", ""ɪ"", ""ɡ"", ""ɪ"", ""n""]"	
MEANING_0620	unrelated	0	test	trend	illness	"[""t"", ""ɹ"", ""ɛ"", ""n"", ""d""]"	"[""ɪ"", ""l"", ""n"", ""ə"", ""s""]"	
